timestamp,open,high,low,close,volume
2025-06-16T20:00:00.000Z,108699.54,109000,106738.56,106853.38,1305.4624638
2025-06-17T00:00:00.000Z,106853.38,107792.9,106147.24,107630.24,967.4661999
2025-06-17T04:00:00.000Z,107630.25,107764.13,106501,106792.45,406.48222914
2025-06-17T08:00:00.000Z,106792.45,106862.77,105515.89,105659.83,603.72378111
2025-06-17T12:00:00.000Z,105659.35,105887.83,104133.12,104246.81,1712.50237037
2025-06-17T16:00:00.000Z,104250,105377,103363.3,104705.02,3291.80262764
2025-06-17T20:00:00.000Z,104705.02,104926.69,104222.06,104590.44,706.9692162700001
2025-06-18T00:00:00.000Z,104590.44,105279.5,104389.78,105207.65,491.97220867000004
2025-06-18T04:00:00.000Z,105206.53,105603.63,104731.26,104996.51,317.35950864
2025-06-18T08:00:00.000Z,104996.5,105336.17,104191.62,104858.58,505.20297582
2025-06-18T12:00:00.000Z,104858.58,105348.75,103837.75,104823,1092.4850179100001
2025-06-18T16:00:00.000Z,104823.25,104876.98,103512.38,103818.67,1478.19212083
2025-06-18T20:00:00.000Z,103818.67,105183,103645.68,104915.6,1032.93199557
2025-06-19T00:00:00.000Z,104915.6,105266.61,104490.77,105129.91,571.6119741199999
2025-06-19T04:00:00.000Z,105129.91,105247.99,104636.53,104662.53,250.56209373
2025-06-19T08:00:00.000Z,104662.53,105100,104648.35,104802.4,167.49948008
2025-06-19T12:00:00.000Z,104802.39,104946.45,104100,104127.74,516.24668784
2025-06-19T16:00:00.000Z,104127.73,104861.57,103916.37,104269.56,465.66780889999995
2025-06-19T20:00:00.000Z,104275.19,104919.39,104161.98,104671.9,307.47037539999997
2025-06-20T00:00:00.000Z,104671.4,104857.11,104406.53,104618.04,241.65057037
2025-06-20T04:00:00.000Z,104618.05,105848.76,104250,105837.99,433.67704498
2025-06-20T08:00:00.000Z,105837.99,106553.86,105770.75,106001.7,641.68502931
2025-06-20T12:00:00.000Z,106001.71,106167.9,103864.03,104244.14,1188.58952403
2025-06-20T16:00:00.000Z,104244.15,104289.97,102357.25,103326.33,1985.7151511999998
2025-06-20T20:00:00.000Z,103326.33,103843.48,102980,103317.8,556.31894187
2025-06-21T00:00:00.000Z,103317.79,103722.23,103133.91,103515.31,250.75750515
2025-06-21T04:00:00.000Z,103514.96,103637.07,103345.47,103475.28,157.54480180000002
2025-06-21T08:00:00.000Z,103475.27,104013.64,103475.27,103897.18,181.35292882
2025-06-21T12:00:00.000Z,103897.18,103968.39,103307.32,103587.05,419.1044405
2025-06-21T16:00:00.000Z,103587.05,103686.64,102217.08,102272.72,647.31914874
2025-06-21T20:00:00.000Z,102267.48,102913.52,100919.19,102160.03,1631.43444988
2025-06-22T00:00:00.000Z,102160.36,103417,101870.48,102416.01,1241.4024831200002
2025-06-22T04:00:00.000Z,102416.01,102990.17,102289.93,102468.55,315.30928804999996
2025-06-22T08:00:00.000Z,102465.65,102840,102111.8,102765.41,263.43153572999995
2025-06-22T12:00:00.000Z,102765.4,102859.11,98948.54,98950.3,2765.76318482
2025-06-22T16:00:00.000Z,98948.54,100400.74,98700.01,98914.74,1589.20066734
2025-06-22T20:00:00.000Z,98914.75,101086.49,98225.01,100996.87,1697.1515854
2025-06-23T00:00:00.000Z,100996.87,101682.99,100522.05,101200,795.23423469
2025-06-23T04:00:00.000Z,101199.99,102177.39,101020.2,101976.06,594.2833847300001
2025-06-23T08:00:00.000Z,101976.06,102118.65,101140.81,101328.51,632.21981521
2025-06-23T12:00:00.000Z,101328.54,102662.55,100835.89,101479.84,1642.94724888
2025-06-23T16:00:00.000Z,101479.84,103420,99677.07,103243.85,2764.75172033
2025-06-23T20:00:00.000Z,103245.73,106135.47,102943.24,105419.39,2481.43036213
2025-06-24T00:00:00.000Z,105418.4,105586.21,104772.91,104996.12,799.64412038
2025-06-24T04:00:00.000Z,104993.13,105916.27,104773.8,104997.25,1005.2137369
2025-06-24T08:00:00.000Z,104994.68,105650.79,104681.83,105240.53,676.5135499
2025-06-24T12:00:00.000Z,105240.53,105812.65,104851.26,105300,1223.90442811
2025-06-24T16:00:00.000Z,105300.01,106366.29,105234.99,105710.77,1361.75586645
2025-06-24T20:00:00.000Z,105704.5,106178.39,105500,106141,706.1773749399999
2025-06-25T00:00:00.000Z,106141.01,106865.31,105875,106301.44,657.71662819
2025-06-25T04:00:00.000Z,106301.44,106771.22,106055.7,106657.35,300.71573407
2025-06-25T08:00:00.000Z,106657.77,107286.5,106390.27,107252.04,584.56512487
2025-06-25T12:00:00.000Z,107252.05,108206,106818.83,107101.15,2402.66490429
2025-06-25T16:00:00.000Z,107101.15,107993.02,106983.26,107836,2256.78513504
2025-06-25T20:00:00.000Z,107834.02,108091.8,107151.06,107400.22,870.20883651
2025-06-26T00:00:00.000Z,107400.22,108345,107166.22,107928.17,631.2581325
2025-06-26T04:00:00.000Z,107934.28,108160.38,107576.75,107890.24,454.85671432000004
2025-06-26T08:00:00.000Z,107888.4,108238.78,107163.03,107374.17,532.48343871
2025-06-26T12:00:00.000Z,107375.52,107823.59,106605.88,107366.24,1397.38170218
2025-06-26T16:00:00.000Z,107366.24,107723.31,107051.8,107584.79,871.6510650799999
2025-06-26T20:00:00.000Z,107584.75,108058.94,106838.41,107029.64,1012.5912637700001
2025-06-27T00:00:00.000Z,107029.63,107584.24,106465.81,107538.51,530.2139535100001
2025-06-27T04:00:00.000Z,107538.5,107804.2,106924.87,106962.68,1017.10274714
2025-06-27T08:00:00.000Z,106962.09,107213.4,106736.84,107024.46,490.07828428
2025-06-27T12:00:00.000Z,107024.46,107488.91,106413.79,107385.92,1901.48453645
2025-06-27T16:00:00.000Z,107385.37,107800,106495.82,106851.43,1867.58989912
2025-06-27T20:00:00.000Z,106849.52,107330.65,106830.42,107113.38,503.96773695
2025-06-28T00:00:00.000Z,107119.17,107400,106868.94,107347.24,296.12660420000003
2025-06-28T04:00:00.000Z,107347.25,107562.01,107236.29,107540.37,171.02991472999997
2025-06-28T08:00:00.000Z,107540.36,107567.86,107312.35,107430.78,152.09188377
2025-06-28T12:00:00.000Z,107430.78,107596.13,107149.08,107506.75,189.9952989
2025-06-28T16:00:00.000Z,107506.74,107599.81,107282.35,107282.35,215.48971215999998
2025-06-28T20:00:00.000Z,107280.6,107432.55,107198.06,107352.2,203.03461879
2025-06-29T00:00:00.000Z,107352.2,107558,107230,107272.5,190.92877358
2025-06-29T04:00:00.000Z,107272.5,107455.92,107266.26,107455.92,89.40980714
2025-06-29T08:00:00.000Z,107462.64,108518.57,107447.85,108517.46,524.33442834
2025-06-29T12:00:00.000Z,108517.46,108550,107676.42,107775.37,329.44555242
2025-06-29T16:00:00.000Z,107775.36,107822.26,107350,107431.35,323.55988591
2025-06-29T20:00:00.000Z,107431.35,108485.43,107290.01,108386.44,697.1832557299999
2025-06-30T00:00:00.000Z,108386.44,108800,108282.11,108553.6,787.5132081
2025-06-30T04:00:00.000Z,108553.6,108587.6,107503.44,107648.06,525.87768265
2025-06-30T08:00:00.000Z,107642.78,107996.59,107410.06,107688.4,281.08190709999997
2025-06-30T12:00:00.000Z,107688.39,107891.91,106724.76,107607.32,1720.1785277699998
2025-06-30T16:00:00.000Z,107607.31,107850,107136.08,107751.68,983.56241389
2025-06-30T20:00:00.000Z,107751.68,107787.05,106944.55,107173.21,540.83464112
2025-07-01T00:00:00.000Z,107173.21,107579.3,107062,107221.44,409.79104385
2025-07-01T04:00:00.000Z,107221.44,107248.24,106659.96,107212.88,408.47169343
2025-07-01T08:00:00.000Z,107212.89,107212.89,106310.18,106639.08,497.25499219
2025-07-01T12:00:00.000Z,106639.94,107246.53,105635.14,105986.38,2085.3794493100004
2025-07-01T16:00:00.000Z,105986.38,106334.96,105361.49,105403.99,1111.73397527
2025-07-01T20:00:00.000Z,105403.27,106127.32,105262,105711.78,640.09644781
2025-07-02T00:00:00.000Z,105711.77,106240.1,105119.7,106229.67,502.25233159000004
2025-07-02T04:00:00.000Z,106229.66,107235,106151.43,107126.85,697.56665588
2025-07-02T08:00:00.000Z,107132.17,107902.41,107116.9,107512.04,883.29417113
2025-07-02T12:00:00.000Z,107512.04,108800,107211.14,108800,1937.7553917599998
2025-07-02T16:00:00.000Z,108797.47,109823.08,108707.09,109755.27,3155.96712995
2025-07-02T20:00:00.000Z,109755.27,109771.57,108772.8,108888.32,818.9569033600001
2025-07-03T00:00:00.000Z,108887.03,109166.08,108574.31,108688.4,440.78195046999997
2025-07-03T04:00:00.000Z,108688.4,109600,108615.05,109322.3,536.50244508
2025-07-03T08:00:00.000Z,109322.31,110300,109322.31,109625.99,838.67589174
2025-07-03T12:00:00.000Z,109625.99,110590,108769.08,109162.22,2315.84349588
2025-07-03T16:00:00.000Z,109162.22,109961.19,109050,109834.12,1683.4441377399999
2025-07-03T20:00:00.000Z,109834.12,110040,109572.16,109628.83,619.3312951699999
2025-07-04T00:00:00.000Z,109628.83,109812.94,109142.99,109284.22,364.3472769
2025-07-04T04:00:00.000Z,109284.23,109386.14,108750,108750,414.59671262
2025-07-04T08:00:00.000Z,108750,109158.94,108500,108936.73,306.18704408
2025-07-04T12:00:00.000Z,108936.72,109018.6,107534.11,107606.44,969.05258523
2025-07-04T16:00:00.000Z,107606,108004.99,107268.84,107493.54,666.9795574699999
2025-07-04T20:00:00.000Z,107490.69,108314.05,107459.77,108028.6,408.05542367
2025-07-05T00:00:00.000Z,108028.6,108316.5,107783.1,108187.38,258.84086579
2025-07-05T04:00:00.000Z,108187.38,108454.19,108041.76,108110.18,215.41043821
2025-07-05T08:00:00.000Z,108110.17,108271.98,107914.58,108152.24,177.37075231
2025-07-05T12:00:00.000Z,108152.24,108273.33,108001.41,108103.3,223.82506405
2025-07-05T16:00:00.000Z,108103.3,108222.46,107900,108180.64,316.95540095
2025-07-05T20:00:00.000Z,108180.64,108285.12,108027,108246.65,320.75176423000005
2025-07-06T00:00:00.000Z,108246.66,108302.49,108044,108086.43,139.53488973999998
2025-07-06T04:00:00.000Z,108086.43,108263.96,107979.45,108081.97,108.77585428
2025-07-06T08:00:00.000Z,108081.97,108157.31,107837.7,108110.69,113.45256040999999
2025-07-06T12:00:00.000Z,108110.69,109153.97,108086,108944.6,403.93097133
2025-07-06T16:00:00.000Z,108944.59,108993.38,108307.87,108570.58,279.43768438
2025-07-06T20:00:00.000Z,108571.83,109736.64,108562.16,109217.98,606.04924183
2025-07-07T00:00:00.000Z,109217.98,109741.64,108683.4,109426.67,661.7020536399999
2025-07-07T04:00:00.000Z,109426.67,109481.11,108657.35,109087.74,257.74019793
2025-07-07T08:00:00.000Z,109086.78,109111.77,108585,108656.34,336.41313267
2025-07-07T12:00:00.000Z,108654.17,108675.81,107961.97,108309.93,1462.5100680599999
2025-07-07T16:00:00.000Z,108309.93,108529.26,107507,108058.12,1123.83845937
2025-07-07T20:00:00.000Z,108053.62,108327,107800.87,108269.84,612.93783682
2025-07-08T00:00:00.000Z,108271.49,108556.13,107438.33,107905.48,576.2563827299999
2025-07-08T04:00:00.000Z,107905.48,108509.62,107750.08,108506.19,243.76364471
2025-07-08T08:00:00.000Z,108506.19,109031.21,108229.67,108774.04,471.19548344000003
2025-07-08T12:00:00.000Z,108774.02,109255.99,108218.13,108278.82,918.78504274
2025-07-08T16:00:00.000Z,108278.82,109200,108092.88,108781.37,1115.4968102
2025-07-08T20:00:00.000Z,108783.78,109040,108624.63,108958.04,459.89337778000004
2025-07-09T00:00:00.000Z,108953.58,109179.85,108354.82,108378.76,315.38832928
2025-07-09T04:00:00.000Z,108378.76,108954.91,108329.87,108738.16,247.11302883
2025-07-09T08:00:00.000Z,108735.7,109147.08,108568,109085.02,260.31046676
2025-07-09T12:00:00.000Z,109085.01,109795.01,108500,109086.77,1080.36137689
2025-07-09T16:00:00.000Z,109086.78,112152.91,109041.91,111792,3440.891929
2025-07-09T20:00:00.000Z,111792,111980.31,110592.17,111282.85,2339.76726498
2025-07-10T00:00:00.000Z,111282.84,111620.8,110922.25,111114.62,675.39686067
2025-07-10T04:00:00.000Z,111114.61,111500,111000,111272.74,724.34165169
2025-07-10T08:00:00.000Z,111272.74,111450,110909.91,111076.74,876.12632881
2025-07-10T12:00:00.000Z,111076.74,111500,110541.87,111485.5,1364.33947566
2025-07-10T16:00:00.000Z,111485.48,113923.99,111395.16,113399.95,5114.77575913
2025-07-10T20:00:00.000Z,113404.43,116842,113361.33,116031.3,4165.22735338
2025-07-11T00:00:00.000Z,116031.29,116982.73,115211.74,116930.12,1182.32701653
2025-07-11T04:00:00.000Z,116921.91,118442.88,116511.45,117601.25,1868.07586614
2025-07-11T08:00:00.000Z,117601.48,118909.74,117601.48,117839.32,1337.98620054
2025-07-11T12:00:00.000Z,117839.42,118303.73,116739.82,116902.9,1945.5092185800002
2025-07-11T16:00:00.000Z,116918.54,118240.47,116632.58,118191.06,2760.6269891399998
2025-07-11T20:00:00.000Z,118191.07,118203.39,117187.73,117582.16,1022.36091507
2025-07-12T00:00:00.000Z,117582.16,117910,117151.87,117838.46,481.48004729
2025-07-12T04:00:00.000Z,117838.72,118130.31,117569.88,117797.06,326.16479902000003
2025-07-12T08:00:00.000Z,117797.05,118244.51,117678.2,117870.35,435.37781732
2025-07-12T12:00:00.000Z,117873.88,117933.08,116940.82,117154.27,531.03925638
2025-07-12T16:00:00.000Z,117153.9,117696.68,117086.83,117606.56,317.86207396
2025-07-12T20:00:00.000Z,117606.55,117624.05,117043.11,117472.65,305.79981859
2025-07-13T00:00:00.000Z,117472.65,117881.39,117238.69,117797.77,283.82624605999996
2025-07-13T04:00:00.000Z,117797.58,118110.82,117723.25,118043.07,175.71342190000001
2025-07-13T08:00:00.000Z,118043.06,118154.99,117724.96,118130.41,155.55687240999998
2025-07-13T12:00:00.000Z,118130.41,119450,118007.47,118716.69,956.19621027
2025-07-13T16:00:00.000Z,118720.64,119500,118420.72,119011.9,807.43607098
2025-07-13T20:00:00.000Z,119003.28,119429.54,118290.28,119130.81,1082.31420978
2025-07-14T00:00:00.000Z,119130.81,121400,118949.18,120781.98,1784.05761517
2025-07-14T04:00:00.000Z,120781.98,123231.07,120579.12,122751.9,1641.1679096
2025-07-14T08:00:00.000Z,122757.35,122807.37,121321.12,121463.61,915.09134794
2025-07-14T12:00:00.000Z,121455.88,122161.58,119600,119867.12,3551.92966772
2025-07-14T16:00:00.000Z,119867.12,120544.49,119172.37,119945.25,3684.9766965199997
2025-07-14T20:00:00.000Z,119950.06,120484.31,119500,119863.71,1959.5763114400002
2025-07-15T00:00:00.000Z,119863.71,119973.3,116830.74,117148.04,4801.25137143
2025-07-15T04:00:00.000Z,117148.03,117761.08,116250,116762.15,2359.13367436
2025-07-15T08:00:00.000Z,116762.15,117200,116288,117103.18,1958.13968759
2025-07-15T12:00:00.000Z,117103.19,118464.35,115697.37,116318.4,8587.62794178
2025-07-15T16:00:00.000Z,116318.4,117741.28,116000,116410.21,4502.54418025
2025-07-15T20:00:00.000Z,116409.42,117989.99,116194.03,117781.64,1517.6167054
2025-07-16T00:00:00.000Z,117781.63,118222,117033.23,117499.4,775.7115377100001
2025-07-16T04:00:00.000Z,117499.41,118351.67,117298,118238.3,500.70639618
2025-07-16T08:00:00.000Z,118238.3,119320,118140.55,118800,578.2661530700001
2025-07-16T12:00:00.000Z,118799.99,119875.52,118195.89,119170.36,2262.50921063
2025-07-16T16:00:00.000Z,119164.15,120000,118503.42,119304.15,3307.97365244
2025-07-16T20:00:00.000Z,119306.04,120134.8,118425.65,118681.68,1825.8194759399998
2025-07-17T00:00:00.000Z,118681.67,119234.95,117724.5,118177.96,970.7229653300001
2025-07-17T04:00:00.000Z,118174.68,118839.73,117901.23,118373.81,513.9262396099999
2025-07-17T08:00:00.000Z,118374.23,119249.7,118000,118016.41,711.35621154
2025-07-17T12:00:00.000Z,118016.41,119176.92,117469,118937.61,1938.38229455
2025-07-17T16:00:00.000Z,118937.61,119937.6,118400,119032.03,2463.37569805
2025-07-17T20:00:00.000Z,119032.03,120998.76,118456.74,119273.69,1762.5878998399999
2025-07-18T00:00:00.000Z,119273.7,120890.9,119109.11,120320.1,1146.2327725500002
2025-07-18T04:00:00.000Z,120315.92,120918.68,119371.18,119446.63,860.3332163
2025-07-18T08:00:00.000Z,119432.13,119554.47,118430.67,119231.5,1052.59337134
2025-07-18T12:00:00.000Z,119231.51,119586.55,117331,117899.13,2277.62559678
2025-07-18T16:00:00.000Z,117905.28,118116.12,117192.84,117426.36,2333.02277142
2025-07-18T20:00:00.000Z,117426.36,118108.99,116892.42,118023.05,1065.5961356199998
2025-07-19T00:00:00.000Z,118023.06,118469.93,117700.02,118431.22,397.75906037
2025-07-19T04:00:00.000Z,118431.22,118472.5,118143.74,118264.24,170.84843215
2025-07-19T08:00:00.000Z,118264.23,118564.59,118020.38,118408.09,213.93234087000002
2025-07-19T12:00:00.000Z,118408.11,118416.33,117700,118114.79,302.87341791
2025-07-19T16:00:00.000Z,118114.79,118222.49,117650.93,118083.66,285.69563652
2025-07-19T20:00:00.000Z,118081.52,118222,117337.59,117914.17,328.99083198
2025-07-20T00:00:00.000Z,117914.17,118230.54,117711,118021.09,271.15423384999997
2025-07-20T04:00:00.000Z,118026.92,118279.89,117821.17,118080.01,159.46092411
2025-07-20T08:00:00.000Z,118080.3,118343.55,117856.43,117942.16,226.09013699
2025-07-20T12:00:00.000Z,117938.26,118850,117772.61,118726.73,418.7063204
2025-07-20T16:00:00.000Z,118726.73,118921.76,118000,118201.2,432.62733425
2025-07-20T20:00:00.000Z,118206.17,118324.63,116525,117312.7,996.55137165
2025-07-21T00:00:00.000Z,117315.68,118672.53,116565.01,118449.2,693.02527531
2025-07-21T04:00:00.000Z,118449.31,119745.93,118217.73,119414.15,467.07627625
2025-07-21T08:00:00.000Z,119414.97,119556.74,118100,118104.65,514.6590151
2025-07-21T12:00:00.000Z,118104.65,119310.57,117804.8,118383.53,1328.3976900100001
2025-07-21T16:00:00.000Z,118384.4,118469.22,116681.72,116782.87,1628.3677400800002
2025-07-21T20:00:00.000Z,116783.78,117712.37,116656.86,117428.79,819.02850617
2025-07-22T00:00:00.000Z,117428.79,118050.95,116185,117262.61,1224.34513057
2025-07-22T04:00:00.000Z,117262.61,118641.86,116600.5,118044.33,784.99092341
2025-07-22T08:00:00.000Z,118044.33,119265.55,117533.55,119214.92,875.35705422
2025-07-22T12:00:00.000Z,119214.8,119677.88,116600,118966.03,1985.50313961
2025-07-22T16:00:00.000Z,118966.03,120288,118437.94,119326.44,1711.03145213
2025-07-22T20:00:00.000Z,119329.1,120300,119247.29,120026.42,983.36082934
2025-07-23T00:00:00.000Z,120034.21,120180.93,118573.3,118676,651.78468451
2025-07-23T04:00:00.000Z,118675.98,119058.73,118360,118415.11,424.24206361
2025-07-23T08:00:00.000Z,118415.1,118691.72,117865.16,118597.48,448.68111250000004
2025-07-23T12:00:00.000Z,118597.49,118787.95,117342.21,118648.92,1355.6803913899998
2025-07-23T16:00:00.000Z,118648.91,118648.91,117377.78,118458.67,1741.55515215
2025-07-23T20:00:00.000Z,118458.67,118840.16,117398,118810.44,904.19479508
2025-07-24T00:00:00.000Z,118810.44,119328.38,118529.6,118557.79,743.3010338
2025-07-24T04:00:00.000Z,118558.95,118650.61,117190,118470.55,829.09711986
2025-07-24T08:00:00.000Z,118470.51,118884.18,118015.69,118654.8,734.87983562
2025-07-24T12:00:00.000Z,118646.69,119557.7,117870.18,119176.25,1460.77202189
2025-07-24T16:00:00.000Z,119176.32,119495.52,118423.69,119030.64,1451.5841880799999
2025-07-24T20:00:00.000Z,119030.65,119089.16,118234.02,118397.04,1917.3785708600003
2025-07-25T00:00:00.000Z,118400,118518.2,115366.47,115400,5066.57407345
2025-07-25T04:00:00.000Z,115400,116181.28,114750,115335.28,5670.22833008
2025-07-25T08:00:00.000Z,115338.91,116800.75,114979.92,116514.27,4415.8421998
2025-07-25T12:00:00.000Z,116514.27,116654.05,114854.2,115728.38,5022.36894111
2025-07-25T16:00:00.000Z,115728.38,117067.09,115455.54,116721.63,2796.74459666
2025-07-25T20:00:00.000Z,116721.63,117706,116603.53,117633.27,1661.5783016100002
2025-07-26T00:00:00.000Z,117633.27,117804.52,117095.73,117522.69,1332.55961797
2025-07-26T04:00:00.000Z,117522.69,117647.24,117362.39,117371.97,1351.10117337
2025-07-26T08:00:00.000Z,117371.98,118275.79,117368.43,117830.65,1340.7501431200003
2025-07-26T12:00:00.000Z,117826.4,118320.67,117817.61,118172.6,1239.12407179
2025-07-26T16:00:00.000Z,118172.61,118371.35,117989,118280.01,1024.28115292
2025-07-26T20:00:00.000Z,118280.48,118343.4,117919.44,117969.63,686.6131465000001
2025-07-27T00:00:00.000Z,117981.73,118465.72,117865.76,118227.13,730.11449896
2025-07-27T04:00:00.000Z,118228.69,118504.53,118123.25,118165.53,636.13995295
2025-07-27T08:00:00.000Z,118165.53,118362.94,117849.99,118133.83,720.8123168899999
2025-07-27T12:00:00.000Z,118133.82,118650.8,117932.41,118620.01,904.5112069200001
2025-07-27T16:00:00.000Z,118620.01,119581.35,118620,119006.15,908.7804015300001
2025-07-27T20:00:00.000Z,119006.15,119800,118754.4,119465.52,1099.06342978
2025-07-28T00:00:00.000Z,119465.52,119839,118977.81,119306.42,564.28188123
2025-07-28T04:00:00.000Z,119306.42,119709.32,118765.02,118894.66,959.41645551
2025-07-28T08:00:00.000Z,118894.65,119122.14,118468.15,118827.17,736.04570405
2025-07-28T12:00:00.000Z,118826.96,119283.89,117880,118165.37,1971.4105562099999
2025-07-28T16:00:00.000Z,118166.59,118389.65,117380.6,118066.31,2038.94948596
2025-07-28T20:00:00.000Z,118060.48,118348,117482.18,118070.59,1377.2803022500002
2025-07-29T00:00:00.000Z,118074.43,118814.63,117459.01,118764.01,816.7631719799999
2025-07-29T04:00:00.000Z,118756.63,119284.78,118400,118885.92,716.7970587299999
2025-07-29T08:00:00.000Z,118885.91,119059.92,118144.32,118601.76,378.7280451
2025-07-29T12:00:00.000Z,118601.79,119075,117250.08,117365.37,1474.13811646
2025-07-29T16:00:00.000Z,117365.37,118043.31,116900,117483.28,2047.2584324499999
2025-07-29T20:00:00.000Z,117489.15,117985.02,117049.43,117933.39,637.1785324299999
2025-07-30T00:00:00.000Z,117933.39,118249.16,117403.51,118148.05,347.86288551
2025-07-30T04:00:00.000Z,118148.06,118416.47,117659.95,118121,292.35737073
2025-07-30T08:00:00.000Z,118121,118494.92,117323.08,117571.99,268.08948914
2025-07-30T12:00:00.000Z,117572,118809.43,117350,118010.09,1163.6653728400001
2025-07-30T16:00:00.000Z,118010.09,118052.39,115728.49,116900.01,2062.29118553
2025-07-30T20:00:00.000Z,116900,117935.3,116858,117830.15,513.47471005
2025-07-31T00:00:00.000Z,117830.15,118621.56,117776.77,118476.4,492.26946833999995
2025-07-31T04:00:00.000Z,118476.4,118920,118271.56,118677.41,401.08288937
2025-07-31T08:00:00.000Z,118677.4,118773.24,118271.4,118345.67,248.63886433
2025-07-31T12:00:00.000Z,118345.67,118699,117795.18,118288.23,937.29102942
2025-07-31T16:00:00.000Z,118288.22,118888,116722.22,116757.77,1057.9652277999999
2025-07-31T20:00:00.000Z,116759.71,116966.54,115500,115761.13,1510.40465954
2025-08-01T00:00:00.000Z,115756.12,116065.12,114136.2,115638.66,1555.24523656
2025-08-01T04:00:00.000Z,115637.69,115923.89,114605,115034.22,545.75526364
2025-08-01T08:00:00.000Z,115032.4,115319.82,114058.29,115267.54,894.1722073
2025-08-01T12:00:00.000Z,115267.53,115989.58,113916.85,115317.51,2643.4563426
2025-08-01T16:00:00.000Z,115317.5,115676.41,113142,113247.92,2372.1342997
2025-08-01T20:00:00.000Z,113236.47,114034.88,112659,113248.73,1185.82106655
2025-08-02T00:00:00.000Z,113248.83,113873.19,113150,113871.57,465.8295960500001
2025-08-02T04:00:00.000Z,113871.57,114023.58,113424.52,113942.01,317.20963554
2025-08-02T08:00:00.000Z,113942.01,114005.58,113397.32,113761.44,265.10395983
2025-08-02T12:00:00.000Z,113761.43,113761.44,112780,112805.74,497.18898038000003
2025-08-02T16:00:00.000Z,112810.12,113401.19,112000,112203.87,881.57124342
2025-08-02T20:00:00.000Z,112203.87,113039.45,112050,112542.74,519.67770058
2025-08-03T00:00:00.000Z,112542.75,113731.05,111903.68,113580.62,564.92728625
2025-08-03T04:00:00.000Z,113580.61,113730.08,113319.19,113701.61,161.93227553999998
2025-08-03T08:00:00.000Z,113701.62,114238.99,113533.5,113857.28,256.35058254
2025-08-03T12:00:00.000Z,113858.69,114089,113573.09,113941.38,324.41007204
2025-08-03T16:00:00.000Z,113941.38,114794.99,113749.99,114331.12,481.06879635999996
2025-08-03T20:00:00.000Z,114326.68,114628.23,114059.51,114215.73,423.68377161999996
2025-08-04T00:00:00.000Z,114215.7,115000,114121.39,114578.63,507.54785677
2025-08-04T04:00:00.000Z,114580.09,114792.93,114153.95,114665.21,322.75375375
2025-08-04T08:00:00.000Z,114665.2,114773.63,114204.09,114504.62,269.77002247999997
2025-08-04T12:00:00.000Z,114504.62,115484,114118.18,114818.95,1275.86990773
2025-08-04T16:00:00.000Z,114818.94,115756.06,114696.88,114746.95,1557.51543302
2025-08-04T20:00:00.000Z,114746.94,115363.04,114578.7,115051.85,722.0816886800001
2025-08-05T00:00:00.000Z,115056.14,115112.75,114236.33,114241.62,450.69020964
2025-08-05T04:00:00.000Z,114240.98,114505.4,113706.49,113952.07,328.09486911
2025-08-05T08:00:00.000Z,113952.07,115079.06,113900,114807.47,407.19123508999996
2025-08-05T12:00:00.000Z,114807.46,114890,112622.14,112907.97,1701.53044904
2025-08-05T16:00:00.000Z,112906.96,113750,112779.91,113602.75,1671.15973045
2025-08-05T20:00:00.000Z,113602.75,114223.26,113280.78,114112.95,384.72281275
2025-08-06T00:00:00.000Z,114112.95,114147,113400.01,113504.04,333.68876803999996
2025-08-06T04:00:00.000Z,113504.05,114416.95,113347.87,114220.34,320.04758919
2025-08-06T08:00:00.000Z,114220.34,114400,113713.32,114226.23,298.53038462
2025-08-06T12:00:00.000Z,114220.79,115581.51,113566.01,115417.96,1520.3169327800001
2025-08-06T16:00:00.000Z,115417.1,115749.99,114936.4,115295.57,1418.72146892
2025-08-06T20:00:00.000Z,115293.85,115300.57,114815.28,115028.83,590.0896034199999
2025-08-07T00:00:00.000Z,115028.83,115218.91,114410.47,114566.78,396.74013611000004
2025-08-07T04:00:00.000Z,114566.78,114901.97,114268.6,114813,420.57915697000004
2025-08-07T08:00:00.000Z,114813,116850,114810.9,116535.61,781.63141268
2025-08-07T12:00:00.000Z,116533.35,116848.27,116040.6,116732.65,1075.0649293200001
2025-08-07T16:00:00.000Z,116732.64,117609.31,115673.04,117525.79,2133.45918652
2025-08-07T20:00:00.000Z,117525.53,117687,117050.68,117515.49,996.76478643
2025-08-08T00:00:00.000Z,117515.69,117687,116716.71,116777.39,563.13827631
2025-08-08T04:00:00.000Z,116777.38,116999.43,116389.06,116851.97,409.73660428
2025-08-08T08:00:00.000Z,116851.96,116965.67,116331.34,116930.25,270.89422884
2025-08-08T12:00:00.000Z,116926.53,117330.8,115800,116212.94,1137.81114016
2025-08-08T16:00:00.000Z,116212.95,116924.34,116001.61,116467.8,1853.7731272400001
2025-08-08T20:00:00.000Z,116468.28,117000,116332.84,116683.79,635.1772261000001
2025-08-09T00:00:00.000Z,116683.79,116767.22,116343.34,116394.98,810.87162577
2025-08-09T04:00:00.000Z,116394.98,116990,116360.86,116772.96,363.66577697
2025-08-09T08:00:00.000Z,116772.55,117937.89,116762.03,117134.05,402.53145952999995
2025-08-09T12:00:00.000Z,117129.7,117247.64,116720,116912.04,306.58871340999997
2025-08-09T16:00:00.000Z,116912.04,116972.03,116528.08,116569.86,288.97834862
2025-08-09T20:00:00.000Z,116569.77,117062.29,116406.01,116492.51,413.53536862
2025-08-10T00:00:00.000Z,116492.5,118517.15,116480,118515.2,551.25331278
2025-08-10T04:00:00.000Z,118515.2,118773.35,117477.71,117814.16,552.37691098
2025-08-10T08:00:00.000Z,117814.17,118517.65,117617.51,118335.59,212.33801493
2025-08-10T12:00:00.000Z,118335.76,119117.68,118236.36,118803.04,556.4920965900001
2025-08-10T16:00:00.000Z,118803.03,118950,118436.64,118675.53,261.23602968
2025-08-10T20:00:00.000Z,118675.52,119324.08,118081.6,119309.37,716.9176752999999
2025-08-11T00:00:00.000Z,119309.37,122161.33,119000.91,121709.49,2118.3224370400003
2025-08-11T04:00:00.000Z,121709.49,122319.14,121452.53,121522.07,956.6023443299998
2025-08-11T08:00:00.000Z,121522.07,121797.44,120248.43,120525,655.3455423800001
2025-08-11T12:00:00.000Z,120525,120650.65,119333.35,120298.37,1324.4990238599999
2025-08-11T16:00:00.000Z,120295.07,120796.74,118541.21,119068.36,1177.80901678
2025-08-11T20:00:00.000Z,119071.05,119188.15,118050,118701.84,988.22983506
2025-08-12T00:00:00.000Z,118701.83,119300,118607.84,118857.75,387.81662107000005
2025-08-12T04:00:00.000Z,118857.75,119178.17,118419,118993.98,373.27444599999995
2025-08-12T08:00:00.000Z,118993.97,119065.05,118190.81,118502.05,435.02554505
2025-08-12T12:00:00.000Z,118502.08,119989,118256.18,119936.26,1500.24042801
2025-08-12T16:00:00.000Z,119938.7,120199.99,119191,119655.97,1010.97355292
2025-08-12T20:00:00.000Z,119661.29,120327,119499.38,120113.18,908.12775774
2025-08-13T00:00:00.000Z,120109.04,120176.93,119075.08,119466.17,546.6824319399999
2025-08-13T04:00:00.000Z,119466.17,119830,118931.34,119579.66,405.21001705000003
2025-08-13T08:00:00.000Z,119582.46,120744.18,119457.88,120554.93,1104.05924481
2025-08-13T12:00:00.000Z,120559.28,122242.36,120103,120941.15,2446.29557627
2025-08-13T16:00:00.000Z,120941.16,122900,120941.16,122804.64,2069.8616894300003
2025-08-13T20:00:00.000Z,122805.14,123740.24,122354.9,123365.63,1940.777136
2025-08-14T00:00:00.000Z,123365.63,124533,123305.94,123396.86,1295.68400424
2025-08-14T04:00:00.000Z,123396.85,123477.15,121347.31,121773.02,980.77050567
2025-08-14T08:00:00.000Z,121773.02,122084.58,120725.01,121017.92,892.8708704400001
2025-08-14T12:00:00.000Z,121017.92,121216.64,117725.88,118298.79,3776.91452185
2025-08-14T16:00:00.000Z,118290.3,118629.81,117208.97,117997.18,1887.94202234
2025-08-14T20:00:00.000Z,118010.56,118617.45,117388.41,118389.79,1319.86747208
2025-08-15T00:00:00.000Z,118389.79,119209.6,118092.7,119091.68,836.63232685
2025-08-15T04:00:00.000Z,119090.99,119339.57,118732.11,119053.14,502.06666881
2025-08-15T08:00:00.000Z,119052.95,119248.66,118682.86,119078.9,218.3982567
2025-08-15T12:00:00.000Z,119082.83,119225.3,116859.32,117327.19,1456.65630079
2025-08-15T16:00:00.000Z,117326.28,117939.94,116861.73,116997.52,1277.53246122
2025-08-15T20:00:00.000Z,116997.52,117860.44,116925.37,117436.96,699.51334363
2025-08-16T00:00:00.000Z,117436.95,118028.68,117322.82,117532.82,580.82380933
2025-08-16T04:00:00.000Z,117532.82,118000,117387.8,117694.76,241.4646442
2025-08-16T08:00:00.000Z,117698.15,117809.65,117222.01,117469.11,208.66059788
2025-08-16T12:00:00.000Z,117469.12,117909,117416.82,117768.19,319.66591443000004
2025-08-16T16:00:00.000Z,117768.2,117900,117700,117748.04,169.56441897999997
2025-08-16T20:00:00.000Z,117748.04,117801.9,117300,117455.68,261.51500044
2025-08-17T00:00:00.000Z,117455.69,117845.57,117249.49,117769.65,328.68965539
2025-08-17T04:00:00.000Z,117769.66,118313.42,117767.8,118099.59,234.15339267000002
2025-08-17T08:00:00.000Z,118099.59,118565.19,118010.84,118376.1,388.53502118
2025-08-17T12:00:00.000Z,118376.1,118641.6,118132.02,118302.2,394.36765397
2025-08-17T16:00:00.000Z,118302.2,118375,117383.2,117656.36,383.58102527
2025-08-17T20:00:00.000Z,117649.85,118082.45,117445.38,117488.6,292.29077104000004
2025-08-18T00:00:00.000Z,117488.59,117633.8,115068,115397.11,1467.1975618799997
2025-08-18T04:00:00.000Z,115397.12,115807.46,114949.99,115283.52,869.43981829
2025-08-18T08:00:00.000Z,115283.51,115472.65,114703.26,115015.51,888.6856239599999
2025-08-18T12:00:00.000Z,115010.78,116249.99,114863.47,116208.06,1342.73835306
2025-08-18T16:00:00.000Z,116206.56,116888,115900.91,116365.53,1256.35181678
2025-08-18T20:00:00.000Z,116362.83,117046.65,116030.36,116286.76,938.44049322
2025-08-19T00:00:00.000Z,116286.75,116792.87,114852.97,114864.96,897.26743647
2025-08-19T04:00:00.000Z,114860.03,115518.52,114420,115020.64,716.1792375
2025-08-19T08:00:00.000Z,115029.27,115706.16,114837.91,115550.06,453.72020169
2025-08-19T12:00:00.000Z,115550.05,115922.62,113558.05,113791.91,2612.5307781
2025-08-19T16:00:00.000Z,113791.91,113905.14,112720,113105.4,2292.04573923
2025-08-19T20:00:00.000Z,113097.95,113573.8,112696.56,112856.19,946.84113514
2025-08-20T00:00:00.000Z,112853.66,113646.85,112555,113521.93,856.53876374
2025-08-20T04:00:00.000Z,113521.93,113845,113429.11,113491.9,389.63290651000005
2025-08-20T08:00:00.000Z,113491.9,114042.83,113023.77,113667.96,789.1304219499999
2025-08-20T12:00:00.000Z,113661.58,114336,112344.11,113347.09,1856.40709353
2025-08-20T16:00:00.000Z,113347.08,114458.52,113232,114279.3,1167.65907738
2025-08-20T20:00:00.000Z,114279.3,114627.37,113992.42,114276,704.9077876199999
2025-08-21T00:00:00.000Z,114276,114812,113895.87,113953.7,755.7634409
2025-08-21T04:00:00.000Z,113950.23,114029.01,113550.19,113873.16,484.4917566600001
2025-08-21T08:00:00.000Z,113873.16,113976,112975.93,113121.25,702.8304246
2025-08-21T12:00:00.000Z,113121.24,113980,112561.79,112762.44,1926.73735116
2025-08-21T16:00:00.000Z,112765.93,112950.22,111964,112160.29,1541.71619582
2025-08-21T20:00:00.000Z,112148.58,112833.18,112031.34,112480.3,622.2051845100001
2025-08-22T00:00:00.000Z,112480.29,113498.32,112290.84,112890.92,796.38757683
2025-08-22T04:00:00.000Z,112890.91,113353.64,112661.57,113042.75,670.74670196
2025-08-22T08:00:00.000Z,113046.98,113275.64,112141.38,112285.28,508.18802004
2025-08-22T12:00:00.000Z,112292.41,117312.7,111649.75,116366.84,3866.13424081
2025-08-22T16:00:00.000Z,116370.1,117416.73,116104.4,116648.95,2014.48709643
2025-08-22T20:00:00.000Z,116645.36,117186.68,116530.32,116908.68,691.77725484
2025-08-23T00:00:00.000Z,116911.9,116999.03,115400.02,115509.75,523.28866175
2025-08-23T04:00:00.000Z,115509.75,115986.17,115492.2,115762.06,306.31197611000005
2025-08-23T08:00:00.000Z,115762.08,115830.9,115129.35,115249.95,261.99628374
2025-08-23T12:00:00.000Z,115261.55,115441.6,114505,114770,621.00206038
2025-08-23T16:00:00.000Z,114770.01,115154.99,114637.4,115098.49,315.63502318
2025-08-23T20:00:00.000Z,115100.69,115396.27,114962.64,115383.87,217.18524752000002
2025-08-24T00:00:00.000Z,115383.87,115616.53,114880.12,114986.76,327.35159113
2025-08-24T04:00:00.000Z,114986.76,115247.33,114795.39,114837.1,180.89796180999997
2025-08-24T08:00:00.000Z,114839.21,115010.7,114548.45,114697.43,218.34213831000002
2025-08-24T12:00:00.000Z,114697.06,114839.65,114310.09,114368.38,551.69295418
2025-08-24T16:00:00.000Z,114368.39,114865.26,110635,112588.1,2207.60272914
2025-08-24T20:00:00.000Z,112577.95,113677.84,111613.24,113478,1116.8758502899998
2025-08-25T00:00:00.000Z,113478,113645.32,112135.98,112883.89,776.7948911000001
2025-08-25T04:00:00.000Z,112883.89,113034.82,111265.62,111479.54,880.6926737399999
2025-08-25T08:00:00.000Z,111480.85,111816.09,110894.14,111189.32,1003.69906376
2025-08-25T12:00:00.000Z,111189.27,112567.58,110555.26,112187.03,2073.4393554400003
2025-08-25T16:00:00.000Z,112187.03,112932.52,110641.09,110693.42,1194.81497143
2025-08-25T20:00:00.000Z,110693.42,111081.81,109275.74,110127.74,2579.76563129
2025-08-26T00:00:00.000Z,110127.74,110127.74,108670,109899.97,1735.48254965
2025-08-26T04:00:00.000Z,109901.04,110560.24,109762.54,110302.51,574.2791183100001
2025-08-26T08:00:00.000Z,110302.51,110460.73,109550,109876,626.74678111
2025-08-26T12:00:00.000Z,109876,110810.22,109337.48,109657.06,1906.99133338
2025-08-26T16:00:00.000Z,109657.06,111183.3,109432.81,111125.26,1805.58627218
2025-08-26T20:00:00.000Z,111119.96,112399.99,110921.91,111788.01,1086.4791938
2025-08-27T00:00:00.000Z,111788.04,111832.1,110922.63,111426.39,539.9401610499999
2025-08-27T04:00:00.000Z,111426.39,111740.09,110639.9,110737.17,349.6616227
2025-08-27T08:00:00.000Z,110737.17,111406.82,110351.11,111323.01,492.56131561000007
2025-08-27T12:00:00.000Z,111323,112683.39,111009.81,112027.96,1394.5909286899998
2025-08-27T16:00:00.000Z,112027.96,112639.41,111565.09,112078.96,1161.49644238
2025-08-27T20:00:00.000Z,112077.25,112457.03,110930.48,111253.21,1213.17080882
2025-08-28T00:00:00.000Z,111253.22,112049.33,110858.78,112013.83,484.40910786999996
2025-08-28T04:00:00.000Z,112013.84,113364.92,111947.95,113127.51,629.46685832
2025-08-28T08:00:00.000Z,113127.5,113360.49,112810.5,112924.36,482.06969530000003
2025-08-28T12:00:00.000Z,112924.36,113480,112380.8,112692.44,1109.7132988
2025-08-28T16:00:00.000Z,112692.43,113216.42,111895.32,111905.45,1252.4660000899999
2025-08-28T20:00:00.000Z,111905.45,112589,111862.39,112574.85,679.1668617099999
2025-08-29T00:00:00.000Z,112574.84,112642.53,111315.03,111712.23,771.8415323600001
2025-08-29T04:00:00.000Z,111712.24,111867.31,109907.05,110020.05,711.45902125
2025-08-29T08:00:00.000Z,110020.06,110287.35,109400,110115.36,696.81735486
2025-08-29T12:00:00.000Z,110115.36,111505,108089.45,108396.96,2570.8527121100005
2025-08-29T16:00:00.000Z,108393.3,108852.59,107900.35,108213.98,1854.32257638
2025-08-29T20:00:00.000Z,108207.81,108566.26,107469.13,108378.32,1200.80063634
2025-08-30T00:00:00.000Z,108378.32,108434.85,107369.69,108434.84,773.1579237899999
2025-08-30T04:00:00.000Z,108434.85,108667.39,108101.52,108519.24,570.72578275
2025-08-30T08:00:00.000Z,108514.63,108761.64,108394.7,108681.98,258.7532033
2025-08-30T12:00:00.000Z,108681.98,108928.79,108202.21,108866.31,507.83626085000003
2025-08-30T16:00:00.000Z,108859.29,108920,108608.29,108842.86,376.43477826
2025-08-30T20:00:00.000Z,108842.87,108849.52,108458.72,108827.93,341.76666714000004
2025-08-31T00:00:00.000Z,108827.92,109489.79,108803.04,109226.77,556.26622715
2025-08-31T04:00:00.000Z,109226.78,109241.73,108518.89,108714.38,307.28886189
2025-08-31T08:00:00.000Z,108711.75,109111.78,108311.7,108380.17,317.71417009000004
2025-08-31T12:00:00.000Z,108380.16,108846.15,108181.54,108803.24,508.69383157
2025-08-31T16:00:00.000Z,108803.24,109234.14,108550.52,108932.62,436.42258805
2025-08-31T20:00:00.000Z,108932.62,109239.17,108060.79,108247.95,576.12389761
2025-09-01T00:00:00.000Z,108247.95,108482.14,107392.76,107646.69,1252.69115752
2025-09-01T04:00:00.000Z,107646.68,109440.53,107250,109433.59,672.93136832
2025-09-01T08:00:00.000Z,109433.58,109907.51,108160.81,108772.9,770.26976529
2025-09-01T12:00:00.000Z,108772.89,109533.12,108565.1,108788.19,681.35328138
2025-09-01T16:00:00.000Z,108788.17,109328.05,108398.31,109213.7,690.2817953499999
2025-09-01T20:00:00.000Z,109216.34,109446.26,107448.28,109240.55,1329.43629191
2025-09-02T00:00:00.000Z,109240.55,110621.33,108881.76,110326.51,1033.53431354
2025-09-02T04:00:00.000Z,110326.5,110621.21,109982.85,110241.5,544.8518680100001
2025-09-02T08:00:00.000Z,110239.71,110711.07,109577.88,109746.15,555.08402722
2025-09-02T12:00:00.000Z,109746.14,111801.86,108400,110845.33,2884.44433533
2025-09-02T16:00:00.000Z,110839.53,111149.69,110188.15,110809.89,1563.50363281
2025-09-02T20:00:00.000Z,110809.15,111559.3,110707.81,111247.94,816.9877806799999
2025-09-03T00:00:00.000Z,111247.94,111781,110875.93,111044.31,615.57617048
2025-09-03T04:00:00.000Z,111044.3,111161.58,110533.77,111104.35,362.61725298
2025-09-03T08:00:00.000Z,111104.37,111730.11,110888.97,111463.71,382.78962173
2025-09-03T12:00:00.000Z,111463.72,112547.31,111048.8,112239.48,1721.5052644200002
2025-09-03T16:00:00.000Z,112239.47,112600,111685.22,112240.18,1419.98812425
2025-09-03T20:00:00.000Z,112236.76,112308.14,111657.87,111756.41,702.97387869
2025-09-04T00:00:00.000Z,111756.4,112235.6,111165.07,111182.13,650.75790879
2025-09-04T04:00:00.000Z,111182.13,111363.9,110308.92,110486.94,604.64692976
2025-09-04T08:00:00.000Z,110486.94,111178.6,110436.74,110844.24,450.83945631
2025-09-04T12:00:00.000Z,110844.25,111158.5,109321,109505.32,1621.75959611
2025-09-04T16:00:00.000Z,109508.92,110225.8,109338,109808.31,1191.00971433
2025-09-04T20:00:00.000Z,109807.39,111756.36,109750,110720.79,734.70047698
2025-09-05T00:00:00.000Z,110714.48,111497.21,110441.63,111313.82,450.23953359
2025-09-05T04:00:00.000Z,111316.92,113000,111145.4,112961.08,679.89767381
2025-09-05T08:00:00.000Z,112961.07,112996.77,112131.82,112350.13,677.06687953
2025-09-05T12:00:00.000Z,112350.13,113390,110256.44,110714.5,2914.5104206799997
2025-09-05T16:00:00.000Z,110716.14,111646.73,110202.36,111630.22,1627.44321294
2025-09-05T20:00:00.000Z,111630.21,111710.42,110368.26,110670.02,869.43352426
2025-09-06T00:00:00.000Z,110670.02,111317.65,110557.34,111093.53,281.56566889000004
2025-09-06T04:00:00.000Z,111095.12,111095.15,110702.12,110838.71,163.52985929
2025-09-06T08:00:00.000Z,110838.7,110980.02,110672.38,110796.75,142.1595994
2025-09-06T12:00:00.000Z,110798.2,111014.97,110369.7,110398.38,280.31300563
2025-09-06T16:00:00.000Z,110400.22,110425.94,109993,110060.61,493.32392015
2025-09-06T20:00:00.000Z,110060.61,110314.34,110044.6,110212.6,260.75812402
2025-09-07T00:00:00.000Z,110214.21,110758.69,110200.01,110641.71,226.70454409999996
2025-09-07T04:00:00.000Z,110641.71,110926.06,110476.93,110766.84,202.24552146000002
2025-09-07T08:00:00.000Z,110768.76,111389.94,110718.09,111303.16,256.35683153
2025-09-07T12:00:00.000Z,111303.15,111403.23,111022.71,111324.58,257.91960253
2025-09-07T16:00:00.000Z,111324.58,111362.09,110862.83,111257.49,269.21791766
2025-09-07T20:00:00.000Z,111257.48,111600,110994.41,111129.61,433.67322518000003
2025-09-08T00:00:00.000Z,111120.38,111353.43,110600,111040.91,549.15868806
2025-09-08T04:00:00.000Z,111040.89,111600,110884.74,111264.76,382.53691372000003
2025-09-08T08:00:00.000Z,111264.76,112195.49,111236.12,112038.45,802.5919309300001
2025-09-08T12:00:00.000Z,112038.45,112940.84,111866.48,112634.02,1464.21089863
2025-09-08T16:00:00.000Z,112634.02,112687.25,112000,112107.76,1216.77998922
2025-09-08T20:00:00.000Z,112119,112528.96,111899.99,112072.57,743.15452775
2025-09-09T00:00:00.000Z,112072.57,112112.41,111115.35,111711.01,703.36466821
2025-09-09T04:00:00.000Z,111711.01,113292.96,111632,112999.93,974.01541701
2025-09-09T08:00:00.000Z,112999.92,113173.91,112411.81,112439.83,472.43061201
2025-09-09T12:00:00.000Z,112439.27,112975,110765.72,110872.45,1689.7320711000002
2025-09-09T16:00:00.000Z,110872.47,111414.17,110769.98,111305.71,800.58785588
2025-09-09T20:00:00.000Z,111305.71,111749.05,111075.1,111549.32,518.3267082
2025-09-10T00:00:00.000Z,111546.61,111600,110919.55,111541.36,569.10345579
2025-09-10T04:00:00.000Z,111545.22,112595.54,111362.56,112536.82,596.96105653
2025-09-10T08:00:00.000Z,112536.85,112847.87,112089.25,112306.06,657.08893727
2025-09-10T12:00:00.000Z,112306.06,114362.1,112300,113877.22,3320.71862169
2025-09-10T16:00:00.000Z,113880.89,114118.83,113179.9,113610,1348.74643923
2025-09-10T20:00:00.000Z,113611.47,114074.64,113562.73,113983.97,757.3749567
2025-09-11T00:00:00.000Z,113983.98,114518.45,113703.06,114430.85,550.31557937
2025-09-11T04:00:00.000Z,114430.84,114497.13,113984.04,114123.13,435.46088646
2025-09-11T08:00:00.000Z,114123.12,114239.5,113792.77,114048.47,422.34236252
2025-09-11T12:00:00.000Z,114048.47,114754.95,113433.92,114210,2523.0239030000002
2025-09-11T16:00:00.000Z,114210,114652.92,114120.35,114464,911.8843922799999
2025-09-11T20:00:00.000Z,114463.99,115554.53,114294.81,115540,732.33361707
2025-09-12T00:00:00.000Z,115540.01,116365.54,115086.52,115235.43,908.97881116
2025-09-12T04:00:00.000Z,115230,115729.7,115120.42,115142.78,611.55810616
2025-09-12T08:00:00.000Z,115146.93,115313.84,114903.99,114962.27,357.84407213
2025-09-12T12:00:00.000Z,114962.25,115535.88,114774.19,115173.79,857.69248147
2025-09-12T16:00:00.000Z,115168.04,116833.25,115076.96,116793.73,2803.91175702
2025-09-12T20:00:00.000Z,116793.31,116793.31,115846.82,116106.03,953.59109957
2025-09-13T00:00:00.000Z,116106.03,116378.04,115664.67,116015.98,453.06280719
2025-09-13T04:00:00.000Z,116015.97,116015.98,115723.27,115840.5,230.79465987999998
2025-09-13T08:00:00.000Z,115840.49,116250,115838.79,116036.02,258.10707167
2025-09-13T12:00:00.000Z,116036.01,116133,115668.86,115840.08,379.52831496
2025-09-13T16:00:00.000Z,115840.09,115887.29,115177.53,115860.71,563.01889753
2025-09-13T20:00:00.000Z,115860.7,116058.25,115849.4,115968.35,288.98476662
2025-09-14T00:00:00.000Z,115968.33,116175,115696.96,115732.02,270.17071283999996
2025-09-14T04:00:00.000Z,115732.73,116006.59,115511,115856.99,146.1175692
2025-09-14T08:00:00.000Z,115856.99,116226.61,115805.98,115862.27,187.81425657
2025-09-14T12:00:00.000Z,115862.27,115939.33,115219.14,115270.92,455.45335811999996
2025-09-14T16:00:00.000Z,115270.94,115713.17,115235.34,115693.34,303.93413564
2025-09-14T20:00:00.000Z,115693.34,116146.99,115166,115314.13,604.39680557
2025-09-15T00:00:00.000Z,115314.12,115633.35,114865.08,115471.53,712.2589295900001
2025-09-15T04:00:00.000Z,115471.52,116802,115435.5,115856.02,909.91457625
2025-09-15T08:00:00.000Z,115856.01,115856.03,114642,115091.92,806.0962835700001
2025-09-15T12:00:00.000Z,115091.92,115120,114395.84,114876,1443.28592676
2025-09-15T16:00:00.000Z,114870.22,115594.82,114617.6,115327.01,1649.73257977
2025-09-15T20:00:00.000Z,115326.01,115644.2,115219.56,115381.08,621.3902993300001
2025-09-16T00:00:00.000Z,115381.07,115553.74,114969.53,115324.37,432.85175932000004
2025-09-16T04:00:00.000Z,115324.36,116037.57,114951.5,115867.8,557.52797938
2025-09-16T08:00:00.000Z,115867.79,116010.18,115227.23,115298.02,473.00983551999997
2025-09-16T12:00:00.000Z,115298.01,115949.91,114750,115940.01,1163.08439983
2025-09-16T16:00:00.000Z,115942.02,116940,115630.62,116866.13,2489.2539714
2025-09-16T20:00:00.000Z,116866.14,117000,116635.13,116832.56,896.8551887199999
2025-09-17T00:00:00.000Z,116832.56,117146.19,116411.29,116415.29,796.88655385
2025-09-17T04:00:00.000Z,116415.29,117327.24,116200.62,117208.39,844.92542249
2025-09-17T08:00:00.000Z,117208.4,117261.66,116263.9,116278.64,473.41477240000006
2025-09-17T12:00:00.000Z,116278.63,116537.55,115500.01,115909.49,918.6249464800001
2025-09-17T16:00:00.000Z,115909.49,116384.9,114724.57,115699.28,3021.67182248
2025-09-17T20:00:00.000Z,115691.38,117024,115359.16,116484.4,1095.77682044
2025-09-18T00:00:00.000Z,116484.4,117950.68,116125.08,117615.37,1540.5454920299999
2025-09-18T04:00:00.000Z,117615.37,117796.4,116912.51,117110.22,688.91259144
2025-09-18T08:00:00.000Z,117110.21,117447.46,117037.4,117093.99,603.7107517100001
2025-09-18T12:00:00.000Z,117094,117903.23,117010,117632.01,1862.90077856
2025-09-18T16:00:00.000Z,117632.02,117998.17,117232,117503.13,1581.70270989
2025-09-18T20:00:00.000Z,117506.77,117729.97,116674.12,117117.99,862.6470966100001
2025-09-19T00:00:00.000Z,117117.99,117516.36,116924.01,117028.5,652.02860902
2025-09-19T04:00:00.000Z,117028.5,117156.43,116684.78,116958.41,715.34617304
2025-09-19T08:00:00.000Z,116959.99,117153.18,116331.15,116433.58,876.12285099
2025-09-19T12:00:00.000Z,116433.58,116580.95,115491.43,115936.02,1372.41249105
2025-09-19T16:00:00.000Z,115936.01,116211.99,115141.23,115166,1672.77460136
2025-09-19T20:00:00.000Z,115165.99,115713.3,115132.71,115690.55,585.43079529
2025-09-20T00:00:00.000Z,115690.55,115798.02,115463.22,115516.43,299.19380136
2025-09-20T04:00:00.000Z,115516.43,116062.41,115466.31,116030.48,465.4473511
2025-09-20T08:00:00.000Z,116030.04,116030.05,115715,115938.77,286.18875291
2025-09-20T12:00:00.000Z,115938.77,116194.63,115860.64,116060.73,551.84672032
2025-09-20T16:00:00.000Z,116061.12,116173.69,115763.45,115763.46,615.3945070100001
2025-09-20T20:00:00.000Z,115763.45,116016.9,115675.03,115752.4,612.7791215
2025-09-21T00:00:00.000Z,115752.9,115812.4,115500,115730.83,327.23209776000004
2025-09-21T04:00:00.000Z,115732.59,115899.66,115553.13,115895.38,413.25474087
2025-09-21T08:00:00.000Z,115895.38,115900.02,115386.87,115682.43,187.98101208
2025-09-21T12:00:00.000Z,115682.44,115825.92,115518,115585.02,251.73379301
2025-09-21T16:00:00.000Z,115585.02,115730.46,115250,115553.78,359.39554649
2025-09-21T20:00:00.000Z,115553.78,115612.82,115237.16,115282.27,531.42173764
2025-09-22T00:00:00.000Z,115282.26,115441.37,114201,114719.07,1370.15162248
2025-09-22T04:00:00.000Z,114719.06,114729.73,111761.22,112586.65,2300.60618075
2025-09-22T08:00:00.000Z,112590.51,113055.57,112245.48,112956.04,826.8549799
2025-09-22T12:00:00.000Z,112956.04,113568.27,112458.79,112903.4,1830.2887404700002
2025-09-22T16:00:00.000Z,112903.41,112968.74,112004.34,112192,1420.56068785
2025-09-22T20:00:00.000Z,112192,113054.92,112042,112736.59,745.9573759900001
2025-09-23T00:00:00.000Z,112736.59,112925.8,111554.38,112430,700.85791473
2025-09-23T04:00:00.000Z,112430,113188.47,111950,113157.04,518.67245773
2025-09-23T08:00:00.000Z,113157.04,113349.59,112740.65,113052.04,466.84081863000006
2025-09-23T12:00:00.000Z,113052.03,113357,112538.63,112932.29,1034.6937406299999
2025-09-23T16:00:00.000Z,112932.3,113018.35,111538.85,111679.02,1336.90933705
2025-09-23T20:00:00.000Z,111679.04,112258.34,111502.08,112017.21,454.07191895
2025-09-24T00:00:00.000Z,112017.21,112529.92,111703,111716,791.73377721
2025-09-24T04:00:00.000Z,111715.99,112809.86,111066.07,112620.28,639.27503638
2025-09-24T08:00:00.000Z,112623,113194.08,112430.01,113047.99,402.6259482
2025-09-24T12:00:00.000Z,113047.98,113950,112832.74,113396.02,1133.7629834499999
2025-09-24T16:00:00.000Z,113396.01,113999.98,113181.66,113477.89,1229.5799792
2025-09-24T20:00:00.000Z,113475.74,113695.11,113232.19,113348.17,735.90531067
2025-09-25T00:00:00.000Z,113348.16,113561.35,112222.83,112538.26,1043.8793395100001
2025-09-25T04:00:00.000Z,112538.26,112620.58,111458,111783.46,850.1447781499999
2025-09-25T08:00:00.000Z,111783.98,112269.59,111302.88,111379.31,524.2837104800001
2025-09-25T12:00:00.000Z,111379.3,111775.13,110625.82,111647.16,2449.98029202
2025-09-25T16:00:00.000Z,111647.15,111739.11,108623.7,109391.38,3362.34600496
2025-09-25T20:00:00.000Z,109391.48,109729.45,108789,109035.72,966.6322689
2025-09-26T00:00:00.000Z,109036,109851.24,108855.91,109621.17,840.2309708299999
2025-09-26T04:00:00.000Z,109621.17,109683.26,108967.93,109396.14,763.3051788800001
2025-09-26T08:00:00.000Z,109396.13,109777.09,108645.02,109181.28,555.26777755
2025-09-26T12:00:00.000Z,109179.73,109851.96,108817.02,109071.38,2454.66905267
2025-09-26T16:00:00.000Z,109071.39,110369.99,109066.57,109218.56,1561.57738448
2025-09-26T20:00:00.000Z,109216.01,109744.13,109139.18,109697.29,651.1193253299999
2025-09-27T00:00:00.000Z,109697.29,109815.08,109376.28,109617.14,392.68758327
2025-09-27T04:00:00.000Z,109612.69,109801.42,109381.45,109450.33,296.66847954
2025-09-27T08:00:00.000Z,109450.33,109538.69,109116,109367.28,315.19315382
2025-09-27T12:00:00.000Z,109367.28,109539.99,109239.81,109440.49,336.12240529999997
2025-09-27T16:00:00.000Z,109440.49,109526.44,109287.96,109470.2,362.75523852000003
2025-09-27T20:00:00.000Z,109470.19,109756.84,109400,109681.16,247.06017357000002
2025-09-28T00:00:00.000Z,109681.15,109840.85,109371.03,109491.36,355.27624911
2025-09-28T04:00:00.000Z,109491.37,109590.27,109301,109554.67,135.7686502
2025-09-28T08:00:00.000Z,109554.66,109625,109292.15,109418.27,231.21056671000002
2025-09-28T12:00:00.000Z,109419.99,110071.91,109230.98,110071.91,384.66445756999997
2025-09-28T16:00:00.000Z,110068.02,110423.55,110025,110356.68,433.99089989000004
2025-09-28T20:00:00.000Z,110356.68,112385.84,110300.19,112197.67,856.1863207900001
2025-09-29T00:00:00.000Z,112197.66,112348.19,111607.05,111900.48,775.38001452
2025-09-29T04:00:00.000Z,111900.47,111943.61,111582.65,111910.49,443.04182954
2025-09-29T08:00:00.000Z,111910.48,112458.48,111910.48,112144.59,527.77561001
2025-09-29T12:00:00.000Z,112144.59,114323.68,111940.72,113884.28,2000.5808038700002
2025-09-29T16:00:00.000Z,113885.1,114473,113510.13,114325.41,1023.7661067900001
2025-09-29T20:00:00.000Z,114325.41,114490,114069.15,114365.07,782.8734348500001
2025-09-30T00:00:00.000Z,114361.66,114850,114105.99,114429.15,598.93962961
2025-09-30T04:00:00.000Z,114432.01,114432.01,113639.77,113757.98,491.90511762
2025-09-30T08:00:00.000Z,113757.99,113798.37,112695.85,113090.86,774.49967222
2025-09-30T12:00:00.000Z,113090.85,113739.97,112895.88,113135.87,998.9420825
2025-09-30T16:00:00.000Z,113135.87,114600,112803.57,114378.49,1440.97793025
2025-09-30T20:00:00.000Z,114378.49,114782.82,113760.05,114067.71,738.82714966
2025-10-01T00:00:00.000Z,114067.71,114577.39,113975.5,114198.94,1158.98981441
2025-10-01T04:00:00.000Z,114198.95,114763.53,114163.03,114566.13,1154.89022187
2025-10-01T08:00:00.000Z,114560.71,116835.91,114509.16,116825.23,1811.7686054199999
2025-10-01T12:00:00.000Z,116822.51,117727,116396.34,117511.58,2344.26636318
2025-10-01T16:00:00.000Z,117511.6,118280,116773.01,117501.25,2145.18685674
2025-10-01T20:00:00.000Z,117501.24,118718.8,117211.6,118659.97,1072.02102648
2025-10-02T00:00:00.000Z,118662.72,119498.09,118421.81,118791.69,1258.99507205
2025-10-02T04:00:00.000Z,118791.68,118994.24,118336.01,118561.86,559.04471667
2025-10-02T08:00:00.000Z,118561.86,118999,118416.01,118835.99,397.84964889
2025-10-02T12:00:00.000Z,118836,119997.98,118581,119997.97,2139.17777123
2025-10-02T16:00:00.000Z,119997.98,121111,119435.97,120932.04,2868.47252267
2025-10-02T20:00:00.000Z,120924.19,121016.9,120151.2,120621.32,1593.36279118
2025-10-03T00:00:00.000Z,120621.33,120655.68,119922.02,120332.06,1239.40605795
2025-10-03T04:00:00.000Z,120330.55,120428.5,119700,119727.67,992.06234114
2025-10-03T08:00:00.000Z,119727.68,120623.75,119327.83,120421.46,1154.4743362699999
2025-10-03T12:00:00.000Z,120421.46,122484.78,119971.71,122372.75,2620.61538556
2025-10-03T16:00:00.000Z,122377.74,123996.81,121530,122778,5006.38642395
2025-10-03T20:00:00.000Z,122768.42,122830.99,122090.09,122318.4,822.1427913
2025-10-04T00:00:00.000Z,122318.39,122415.99,121756.93,122331.63,623.03159609
2025-10-04T04:00:00.000Z,122331.63,122896,122303.78,122390.37,416.24823297
2025-10-04T08:00:00.000Z,122390.37,122611.3,122026.85,122042.17,255.62748571000003
2025-10-04T12:00:00.000Z,122042.18,122577.9,121773.25,121866.79,443.17971574
2025-10-04T16:00:00.000Z,121869.82,122040.12,121572.64,122040.11,654.39445898
2025-10-04T20:00:00.000Z,122040.12,122475,121890.98,122458.56,312.80669578
2025-10-05T00:00:00.000Z,122458.55,124400,122195.28,123811.24,1149.10950827
2025-10-05T04:00:00.000Z,123811.25,125750,123776.02,124736.13,1857.65141289
2025-10-05T08:00:00.000Z,124737.61,124850,122504.03,123474.75,1088.3687522100001
2025-10-05T12:00:00.000Z,123474.75,123474.75,122694,122835.87,413.33447922
2025-10-05T16:00:00.000Z,122835.87,123508.01,122340.03,122625.04,724.21965498
2025-10-05T20:00:00.000Z,122625.04,123608.33,122502.12,123520.79,588.086324
2025-10-06T00:00:00.000Z,123520.8,124432.61,123115.77,123892.22,971.8873495500001
2025-10-06T04:00:00.000Z,123886.85,124200,123325.01,123429.52,568.06291234
2025-10-06T08:00:00.000Z,123429.52,124581.09,123429.51,124264.7,544.39662734
2025-10-06T12:00:00.000Z,124264.7,125480,124230,125060.76,2381.76161691
2025-10-06T16:00:00.000Z,125060.76,126296,124859,125474.93,3108.45600543
2025-10-06T20:00:00.000Z,125474.93,125605.99,124576.15,124720.09,1560.74413363
2025-10-07T00:00:00.000Z,124723.57,125150,124173.16,124387.25,953.3162696500001
2025-10-07T04:00:00.000Z,124387.25,124724.16,123639,123750.87,730.29345679
2025-10-07T08:00:00.000Z,123751.33,124617.87,123395,124555.52,900.11013196
2025-10-07T12:00:00.000Z,124552.12,125226.34,121261.84,121914.66,2762.2123076899998
2025-10-07T16:00:00.000Z,121911.44,122156.3,120636,121695.48,2581.1992631499998
2025-10-07T20:00:00.000Z,121701.1,122363.06,121335.8,121393.95,772.70922459
2025-10-08T00:00:00.000Z,121393.96,122297.99,121262.74,121430.13,974.2302336399999
2025-10-08T04:00:00.000Z,121430.13,121959.29,121090.06,121633.51,985.3758655400001
2025-10-08T08:00:00.000Z,121633.52,123256.49,121546,122910.51,724.98412422
2025-10-08T12:00:00.000Z,122910.5,123390,121681.92,122225.01,1306.94876547
2025-10-08T16:00:00.000Z,122225.01,124254.31,122146.58,123467.99,2037.51183104
2025-10-08T20:00:00.000Z,123468.17,123754,122842.3,123343.25,698.89766462
2025-10-09T00:00:00.000Z,123343.24,123388.56,121500,122069.36,685.3369346999999
2025-10-09T04:00:00.000Z,122069.38,122300,121750.01,121952.03,517.79743573
2025-10-09T08:00:00.000Z,121952.03,122907.69,121175.76,122783.3,712.3055644
2025-10-09T12:00:00.000Z,122783.29,123822.08,120728.19,121213.41,2185.07294399
2025-10-09T16:00:00.000Z,121206,121532.51,119713.65,121040,2247.99249789
2025-10-09T20:00:00.000Z,121046.97,121833.98,120918.42,121714.51,631.64672614
2025-10-10T00:00:00.000Z,121714.51,121948.77,120963.86,121078.09,679.3181749099999
2025-10-10T04:00:00.000Z,121078.1,121798.75,120884.52,120991.04,658.70672901
2025-10-10T08:00:00.000Z,120992.63,121830.29,120963.85,121600,681.41428662
2025-10-10T12:00:00.000Z,121600.01,122600,118490.75,119064.09,3348.50005853
2025-10-10T16:00:00.000Z,119064.08,119489.37,115946.13,116670.01,4136.44628633
2025-10-10T20:00:00.000Z,116673.01,117224.22,107000,112980.28,12927.95821971
2025-10-11T00:00:00.000Z,112976.01,113439.99,111165.07,112417.34,3108.1569537
2025-10-11T04:00:00.000Z,112415.11,113105.86,110215,110518.61,1817.38698167
2025-10-11T08:00:00.000Z,110515.02,112465.61,110280.33,112390.37,1159.278951
2025-10-11T12:00:00.000Z,112390.34,112636.7,111900,111907.99,1151.09788265
2025-10-11T16:00:00.000Z,111907.45,112310.7,110967.03,111301.55,1110.77354219
2025-10-11T20:00:00.000Z,111301.57,111484.1,109683.96,110768.89,1695.18766887
2025-10-12T00:00:00.000Z,110768.9,111489,109687.46,110790,1576.78132702
2025-10-12T04:00:00.000Z,110794.05,112218.04,110717.31,111618,875.72138356
2025-10-12T08:00:00.000Z,111615.97,112161.85,111195.5,111887.54,632.1133556699999
2025-10-12T12:00:00.000Z,111886.03,113800,111210,113246.19,2513.02579555
2025-10-12T16:00:00.000Z,113246.19,114780.57,113246.19,114420.86,1936.70421234
2025-10-12T20:00:00.000Z,114420.85,115847,114350.92,115067.98,2164.6895708099996
2025-10-13T00:00:00.000Z,115067.96,116077.51,114719.37,114928.58,1229.2723837800002
2025-10-13T04:00:00.000Z,114928.57,115632.45,114500,115481.11,857.1404934100001
2025-10-13T08:00:00.000Z,115474.65,115522.15,113700.27,114278.99,769.1923306599999
2025-10-13T12:00:00.000Z,114278.98,115646,113898.97,114425.77,2619.0573816799997
2025-10-13T16:00:00.000Z,114425.77,115995.74,114308.44,115899.11,1830.2144447399999
2025-10-13T20:00:00.000Z,115899.12,115994,115087.66,115274.03,842.8840109099999
2025-10-14T00:00:00.000Z,115274.03,115514.91,113343.3,113574.95,1778.85096104
2025-10-14T04:00:00.000Z,113574.95,113768.23,111444,111799.44,1850.46836929
2025-10-14T08:00:00.000Z,111794,112228.01,110127,111394.48,1773.1802549800002
2025-10-14T12:00:00.000Z,111395.66,112979.99,109945.86,112960.11,2792.58467898
2025-10-14T16:00:00.000Z,112954.84,113611.36,111756.05,112664.75,2690.54090696
2025-10-14T20:00:00.000Z,112660.02,113639.19,112265.02,113068,1069.7292045699999
2025-10-15T00:00:00.000Z,113072.18,113671.99,111868.2,112073.9,1107.00865812
2025-10-15T04:00:00.000Z,112075.4,112755.54,111793.73,112642.34,839.6818838
2025-10-15T08:00:00.000Z,112633.69,113564,111747.77,112000.01,835.58555382
2025-10-15T12:00:00.000Z,112000,112322.49,110429.41,110867.71,2201.78151108
2025-10-15T16:00:00.000Z,110864.01,111613.54,110185.87,111318.21,1369.56872024
2025-10-15T20:00:00.000Z,111313.45,111615.99,110530.36,110804.12,1086.41149773
2025-10-16T00:00:00.000Z,110804.11,111905.84,110400.02,111383.51,937.81065068
2025-10-16T04:00:00.000Z,111383.76,111810.02,110499.99,110575.99,2290.874352
2025-10-16T08:00:00.000Z,110578.02,111750,108500,111443.19,2225.09026082
2025-10-16T12:00:00.000Z,111446.59,112021.07,108379.85,108591.19,3073.54555596
2025-10-16T16:00:00.000Z,108586,109322.49,107600.37,108246.33,4728.72585297
2025-10-16T20:00:00.000Z,108249.4,108534,107464.53,108198,1536.74087286
2025-10-17T00:00:00.000Z,108197.99,109262.17,107915.07,109211.22,1030.10615904
2025-10-17T04:00:00.000Z,109207.13,109269.97,105510.13,105614,1845.94416805
2025-10-17T08:00:00.000Z,105614.33,106647.01,103516.75,105681.29,3654.7560672699997
2025-10-17T12:00:00.000Z,105681.89,106862.04,104553.98,106800,4012.6002594399997
2025-10-17T16:00:00.000Z,106800.01,107576.94,106086,106484,2209.21415685
2025-10-17T20:00:00.000Z,106490.41,107480,106360.38,106463.3,1071.72382409
2025-10-18T00:00:00.000Z,106462.09,107363.84,106357.69,107119.46,788.89286218
2025-10-18T04:00:00.000Z,107119.46,107535.68,106476.72,106725.61,801.41402665
2025-10-18T08:00:00.000Z,106727.98,107265.5,106659.24,107251.98,434.8793412
2025-10-18T12:00:00.000Z,107251.99,107350.26,106769.8,106989.94,544.46041828
2025-10-18T16:00:00.000Z,106989.95,107136.94,106511.53,107115.29,532.12451643
2025-10-18T20:00:00.000Z,107115.29,107394.62,106872.03,107208.91,450.83842993
2025-10-19T00:00:00.000Z,107208.91,107398.69,106747.45,107300.01,543.64555186
2025-10-19T04:00:00.000Z,107300,107316.08,106581.41,106808.56,369.86304079
2025-10-19T08:00:00.000Z,106808.56,108278.93,106091.25,107817.99,1237.04258208
2025-10-19T12:00:00.000Z,107818.31,108660,107394.17,108521.99,840.07560282
2025-10-19T16:00:00.000Z,108522,109499,108278.19,108948.7,1203.24212297
2025-10-19T20:00:00.000Z,108948.01,109415.58,108500.98,108676.78,647.7692292300001
2025-10-20T00:00:00.000Z,108676.77,110451.88,107449.91,110181.41,1212.5751616799998
2025-10-20T04:00:00.000Z,110179.76,111447.3,109962.08,111234.7,1164.40799756
2025-10-20T08:00:00.000Z,111232.98,111685.23,110641.63,111049.41,498.54368679
2025-10-20T12:00:00.000Z,111049.41,111748.6,110610.91,111167.39,1352.79398483
2025-10-20T16:00:00.000Z,111178.45,111351.54,109875.47,110840,1345.73579163
2025-10-20T20:00:00.000Z,110836,111303.44,110422.01,110568.06,712.3786676299999
2025-10-21T00:00:00.000Z,110568.05,110570,109100,109100.02,1214.3932431899998
2025-10-21T04:00:00.000Z,109100.03,109100.03,107444.6,108103.61,1420.3314366600002
2025-10-21T08:00:00.000Z,108098,108854.96,107500.02,108604.02,1102.05498907
2025-10-21T12:00:00.000Z,108604.02,113611.24,107915.9,113484,4230.993025
2025-10-21T16:00:00.000Z,113483.83,114082.29,111389.81,111841,2966.8836072899994
2025-10-21T20:00:00.000Z,111845.83,111870.15,108100,108362.27,1955.79559132
2025-10-22T00:00:00.000Z,108357.99,108730.92,107891,108273.42,1171.4501609
2025-10-22T04:00:00.000Z,108272.83,108695.57,107657.81,108368.57,765.4229846100001
2025-10-22T08:00:00.000Z,108368.56,108429.64,106800,107592.92,1049.2758501500002
2025-10-22T12:00:00.000Z,107592.92,109188.27,107491,108426.4,2737.66602666
2025-10-22T16:00:00.000Z,108426.43,108810.4,107461.49,107846.83,2187.76857929
2025-10-22T20:00:00.000Z,107857.98,108075.59,106639,107585.98,1399.75626406
2025-10-23T00:00:00.000Z,107588.02,108748.97,107511.46,108391.59,774.6274751699999
2025-10-23T04:00:00.000Z,108391.59,110340.17,108375.99,109289.99,926.0738144100001
2025-10-23T08:00:00.000Z,109290,109933.19,109137.99,109284.22,497.67654861000005
2025-10-23T12:00:00.000Z,109284.21,110148.76,108703.61,109944.02,1597.8545174
2025-10-23T16:00:00.000Z,109944.02,111342.6,109669.19,110247.6,1719.28751217
2025-10-23T20:00:00.000Z,110244.52,110258.53,109394.61,110116.03,1365.8386453699998
2025-10-24T00:00:00.000Z,110116.02,110861.2,110024.06,110486.58,733.12746235
2025-10-24T04:00:00.000Z,110487.96,111578.25,110374.01,111096.85,917.39221018
2025-10-24T08:00:00.000Z,111096.84,111534.36,110629.93,111100.64,633.74300141
2025-10-24T12:00:00.000Z,111100.97,112158.39,109725.51,110070.09,2089.12437187
2025-10-24T16:00:00.000Z,110070.08,110980.7,109804.93,110624.14,886.0389316000001
2025-10-24T20:00:00.000Z,110624.01,111174,110485.4,111042.13,655.6687934199999
2025-10-25T00:00:00.000Z,111042.13,111261.22,110693.01,111049.76,347.57749447
2025-10-25T04:00:00.000Z,111049.76,111850,111049.76,111518.22,408.80312919999994
2025-10-25T08:00:00.000Z,111520,111864,111409.92,111599.11,325.30663099000003
2025-10-25T12:00:00.000Z,111599.11,111968.52,111405.3,111466.2,188.46831355999998
2025-10-25T20:00:00.000Z,111460.39,111709.55,111364.5,111666.21,208.79242174
2025-10-26T00:00:00.000Z,111666.22,112000,111268.01,111289.95,410.74248988
2025-10-26T04:00:00.000Z,111289.13,111749.98,111260.33,111749.98,151.80841187000001
2025-10-26T08:00:00.000Z,111749.88,113500,111733.62,113303.16,738.55876048
2025-10-26T12:00:00.000Z,113303.15,114054.85,113276,113701.92,965.32296222
2025-10-26T16:00:00.000Z,113700,113760.88,113279.24,113607.99,502.72436639
2025-10-26T20:00:00.000Z,113605.01,115542,112860,114548.09,1039.01494513
2025-10-27T00:00:00.000Z,114561.69,115472.67,114362.43,114982,935.3561445
2025-10-27T04:00:00.000Z,114985.49,116410.06,114925,115565.97,950.13274019
2025-10-27T08:00:00.000Z,115565.88,115623.48,114800,115351.41,528.280046
2025-10-27T12:00:00.000Z,115348.01,115432,114477,114966,966.19313745
2025-10-27T16:00:00.000Z,114965.69,115808.76,114773.82,114950,1025.47504458
2025-10-27T20:00:00.000Z,114940,114940,113833.12,114087.06,1086.0887066599998
2025-10-28T00:00:00.000Z,114087.06,114553.83,113570.73,113912.05,671.4068357200001
2025-10-28T04:00:00.000Z,113912.04,114364,113483.34,114178.2,421.14666191
2025-10-28T08:00:00.000Z,114178.2,114666.66,114102.96,114340,357.39220648
2025-10-28T12:00:00.000Z,114340,116114.13,114128.3,114639.86,1507.08635961
2025-10-28T16:00:00.000Z,114632.01,115598.59,113534.01,113687.51,1271.25537339
2025-10-28T20:00:00.000Z,113686.52,113707.09,112203,112906.75,1114.57390874
2025-10-29T00:00:00.000Z,112906.75,112980.06,112075,112529.3,716.84638605
2025-10-29T04:00:00.000Z,112532.49,113611.21,112510.86,113580.68,409.60444029
2025-10-29T08:00:00.000Z,113580.68,113642.03,112749.08,113146.58,461.16547077
2025-10-29T12:00:00.000Z,113146.58,113690.17,111400,111519.46,1167.31472923
2025-10-29T16:00:00.000Z,111512,112020,109000,110644.31,2452.95097287
2025-10-29T20:00:00.000Z,110645.64,111865.64,109751.63,110032.13,902.59887772
2025-10-30T00:00:00.000Z,110031.65,111000,109731.52,110763.96,818.9963806600001
2025-10-30T04:00:00.000Z,110763.96,111629.2,107924.01,111367.43,1425.72177186
2025-10-30T08:00:00.000Z,111360.88,111438,109667.47,109707.35,665.8692707499999
2025-10-30T12:00:00.000Z,109707.35,109773.33,107294.16,107707.98,2363.63795471
2025-10-30T16:00:00.000Z,107702,108217.54,106283.11,106491.99,1951.12073211
2025-10-30T20:00:00.000Z,106490,108342.09,106279.33,108308.18,1256.00132634
2025-10-31T00:00:00.000Z,108308.02,110000,108266.11,109201.98,1118.87375904
2025-10-31T04:00:00.000Z,109201.99,110229.86,109045.43,109383.27,1175.68964779
2025-10-31T08:00:00.000Z,109383.27,110499.89,109153.83,110365.92,741.49664895
2025-10-31T12:00:00.000Z,110371.99,111066.1,109305.53,110137.07,1967.9594207999999
2025-10-31T16:00:00.000Z,110132.76,110249.37,108514.07,109756.29,1474.79656285
2025-10-31T20:00:00.000Z,109756,109762.37,109262.16,109555.27,379.6591827
2025-11-01T00:00:00.000Z,109555.63,110240,109342.47,110174.08,344.52929566
2025-11-01T04:00:00.000Z,110174.08,110500,109882.08,110016.68,238.06873773
2025-11-01T08:00:00.000Z,110016.68,110209.47,109771.54,110065.37,209.4464142
2025-11-01T12:00:00.000Z,110065.36,110297.73,109608.28,110256.93,361.14160682
2025-11-01T16:00:00.000Z,110256.92,110493.52,109998.45,110252.53,324.00088805
2025-11-01T20:00:00.000Z,110252.53,110471.62,109805.02,110052.25,230.26019379
2025-11-02T00:00:00.000Z,110052.25,110222.11,109834.04,110007.99,215.58617578
2025-11-02T04:00:00.000Z,110007.99,110997.51,109983.63,110871.92,726.32102162
2025-11-02T08:00:00.000Z,110868.13,111187.66,110302.51,111150.96,606.2018901399999
2025-11-02T12:00:00.000Z,111150.97,111221.99,110061.01,110095.99,731.8661529799999
2025-11-02T16:00:00.000Z,110095.99,110338.12,108800,110178.02,980.33881357
2025-11-02T20:00:00.000Z,110178.02,110729.4,109424.93,110536.01,517.2641711
2025-11-03T00:00:00.000Z,110533.83,110749,107900,107934.01,1278.57651349
2025-11-03T04:00:00.000Z,107934.01,108030.91,107000,107444.01,1002.8060549100001
2025-11-03T08:00:00.000Z,107444.01,107906.46,106726.69,107779.99,962.5009267200002
2025-11-03T12:00:00.000Z,107780.45,108317.24,105469.57,105727.95,2006.07114684
2025-11-03T16:00:00.000Z,105729.28,107728.73,105271.67,107053.5,2149.47066733
2025-11-03T20:00:00.000Z,107057.88,107146.34,105793.99,106557.98,1257.88152843
2025-11-04T00:00:00.000Z,106557.98,107268.63,105820.36,107120.04,1082.17483993
2025-11-04T04:00:00.000Z,107120.04,107269.85,104139.52,104444.27,1771.92460806
2025-11-04T08:00:00.000Z,104444.27,104666.77,103535.15,104549.78,1590.67491036
2025-11-04T12:00:00.000Z,104548.01,104803.32,102852.6,103150,3047.79987316
2025-11-04T16:00:00.000Z,103149.99,103465.94,99908,100464.88,5769.0973095399995
2025-11-04T20:00:00.000Z,100464.89,101849.11,98892.97,101468.15,3791.15055692
2025-11-05T00:00:00.000Z,101468.16,102270.63,98950,102126,2698.63382894
2025-11-05T04:00:00.000Z,102126,102343.95,101480,101988.04,992.6062119199999
2025-11-05T08:00:00.000Z,101983.75,102195.82,101157.77,102062,854.8808914
2025-11-05T12:00:00.000Z,102067.2,103783.99,101910.44,103706.65,2234.41732476
2025-11-05T16:00:00.000Z,103706.65,104550,103052.26,103996,2507.91610615
2025-11-05T20:00:00.000Z,103996.01,104537.69,103255.5,103869,1556.3913972199998
2025-11-06T00:00:00.000Z,103866.67,103928.63,102700,103632.01,984.6502125700001
2025-11-06T04:00:00.000Z,103632.02,104191.19,102898.36,103170.4,723.6677473799999
2025-11-06T08:00:00.000Z,103164.6,103428.91,102618.07,103198.7,882.16960353
2025-11-06T12:00:00.000Z,103198.71,103577.6,101562.52,101961.75,2537.9456181699998
2025-11-06T16:00:00.000Z,101964.69,102339.06,100235.02,101325.58,2809.61274864
2025-11-06T20:00:00.000Z,101325.58,101591.46,100482.01,101290.5,1550.5231809899997
2025-11-07T00:00:00.000Z,101290.5,102339.07,100685.51,101855.57,1188.55576748
2025-11-07T04:00:00.000Z,101855.57,102472.27,101515,101959.83,766.78660903
2025-11-07T08:00:00.000Z,101959.83,102000,99740.99,100350.26,1170.3637918
2025-11-07T12:00:00.000Z,100350.25,101190.23,99170,100722.66,2830.54824193
2025-11-07T16:00:00.000Z,100722.66,103351.02,100423.4,103349.98,2433.92886809
2025-11-07T20:00:00.000Z,103349.98,104041.99,102893.71,103284.27,1591.52446206
2025-11-08T00:00:00.000Z,103281.79,103350,102479.65,102526.24,1020.6128881000001
2025-11-08T04:00:00.000Z,102526.24,102780,101856.3,102295.78,589.23201885
2025-11-08T08:00:00.000Z,102295.78,102628.6,101680,101811.83,534.47935848
2025-11-08T12:00:00.000Z,101814.59,102155.98,101422.74,101684.54,829.75633275
2025-11-08T16:00:00.000Z,101684.54,102196.23,101485.2,101950.03,934.0210652399999
2025-11-08T20:00:00.000Z,101953.44,102465.49,101920.22,102285.57,457.11839864
2025-11-09T00:00:00.000Z,102285.58,102315.15,101372.58,101642,761.7564865500001
2025-11-09T04:00:00.000Z,101642,102113.45,101610.88,101919.36,658.3076875700001
2025-11-09T08:00:00.000Z,101919.36,102308.73,101482.16,102232.01,684.2367837899999
2025-11-09T12:00:00.000Z,102223.04,104200,102031.86,103735.45,1228.4825864
2025-11-09T16:00:00.000Z,103735.45,104800,103285.01,104795,1099.8601082100001
2025-11-09T20:00:00.000Z,104795,105471.04,104053.38,104694.95,1112.77769381
2025-11-10T00:00:00.000Z,104694.23,106653,104240.76,106010.61,1834.9503055100001
2025-11-10T04:00:00.000Z,106016.03,106521.02,105828.33,106435.98,735.4228527
2025-11-10T08:00:00.000Z,106435.98,106599,105825,106159.58,655.46957914
2025-11-10T12:00:00.000Z,106159.57,106575.05,104627.49,105051.63,2270.0926216899998
2025-11-10T16:00:00.000Z,105050.65,106048,104753.97,105797.98,1287.4733105599998
2025-11-10T20:00:00.000Z,105797.98,106261.91,105222.66,105979.38,953.6528666699999
2025-11-11T00:00:00.000Z,105979.38,107482,105464.34,106429.99,1434.33910406
2025-11-11T04:00:00.000Z,106429.99,106523.64,104709.92,104757.65,820.2874549799999
2025-11-11T08:00:00.000Z,104763.2,105493.5,104734.84,105298.47,427.41264378999995
2025-11-11T12:00:00.000Z,105300.37,105504.83,103164.01,103447.76,1388.02273088
2025-11-11T16:00:00.000Z,103447.76,103718.66,102805.28,103105.7,1478.38404319
2025-11-11T20:00:00.000Z,103105.69,103211.44,102422.43,103009.35,1026.34782712
2025-11-12T00:00:00.000Z,103017.21,103410.89,102638.97,103282.62,788.81992013
2025-11-12T04:00:00.000Z,103282.63,103649.97,102985.57,103102.51,421.05045969
2025-11-12T08:00:00.000Z,103102.51,105203.22,103102.51,105015.6,698.6646847000001
2025-11-12T12:00:00.000Z,105015.6,105316.64,101955.83,102165.3,1451.64433698
2025-11-12T16:00:00.000Z,102160.62,102270.23,100803.2,101270.01,1753.73599339
2025-11-12T20:00:00.000Z,101270.01,101992.99,101118.77,101639.01,939.17060523
2025-11-13T00:00:00.000Z,101636.03,102603.12,100901,102106.16,1060.81470816
2025-11-13T04:00:00.000Z,102106.17,104050,101629.21,103449.93,1289.66482447
2025-11-13T08:00:00.000Z,103449.72,103784.3,102516.94,102906.53,636.1656486100001
2025-11-13T12:00:00.000Z,102906.53,103466.69,101150.65,101352,1572.3380914999998
2025-11-13T16:00:00.000Z,101351.99,101512,98050,98629.96,4598.52662336
2025-11-13T20:00:00.000Z,98632.84,100447,97870,99614.54,3553.1575384899998
2025-11-14T00:00:00.000Z,99610.49,99836.1,98658.02,99095.36,1965.9024686799999
2025-11-14T04:00:00.000Z,99095.39,99133.94,95900.94,97093.95,2845.27207176
2025-11-14T08:00:00.000Z,97093.94,97487.85,95666,96124,1502.1277907200001
2025-11-14T12:00:00.000Z,96124,97234.53,94455.98,96730.95,5893.3053217
2025-11-14T16:00:00.000Z,96730.95,97345.33,94700.39,95707.73,3774.2051426199996
2025-11-14T20:00:00.000Z,95707.76,95865.3,93951.32,94503.96,3664.58764205
2025-11-15T00:00:00.000Z,94501.08,96747.02,94222.2,96347.93,1468.33364416
2025-11-15T04:00:00.000Z,96349.53,96525.36,95860.96,96267.55,649.63876799
2025-11-15T08:00:00.000Z,96267.54,96290.88,95500,95626.39,615.74422669
2025-11-15T12:00:00.000Z,95627.99,96434.25,95503.74,96200,911.5233517500001
2025-11-15T16:00:00.000Z,96200,96325.99,95659.53,95946.03,729.3411305
2025-11-15T20:00:00.000Z,95946.04,95960.56,95058.73,95544.94,782.4391944500001
2025-11-16T00:00:00.000Z,95544.94,95916,94770,95749.72,810.06773742
2025-11-16T04:00:00.000Z,95749.73,96124.11,95554.94,96018.1,439.41416890000005
2025-11-16T08:00:00.000Z,96018.09,96559.61,95439.81,95569.49,488.95886375
2025-11-16T12:00:00.000Z,95569.5,95839.19,94301.49,94513.71,771.61675986
2025-11-16T16:00:00.000Z,94516.79,95504.58,93687.01,93976,2702.78392283
2025-11-16T20:00:00.000Z,93975.98,94682.07,92943.83,94183.97,1948.29604931
2025-11-17T00:00:00.000Z,94182.03,95486,93663.32,95434.02,1625.26980961
2025-11-17T04:00:00.000Z,95434.02,95800.04,94808.03,95569.51,761.4328646700001
2025-11-17T08:00:00.000Z,95569.51,95945.47,95234.79,95490.45,1006.61860819
2025-11-17T12:00:00.000Z,95490.44,95950,93472.09,93866.91,2653.60985785
2025-11-17T16:00:00.000Z,93872.01,94330.78,91397.09,91554.77,4159.36442927
2025-11-17T20:00:00.000Z,91554.8,92294.98,91158.35,92100.6,3113.66076841
2025-11-18T00:00:00.000Z,92100.6,92247.94,89575.01,90735.92,3708.2448053300004
2025-11-18T04:00:00.000Z,90732,90756,89183.48,90391.98,2601.88682334
2025-11-18T08:00:00.000Z,90391.98,91509.73,90391.97,91413.99,1443.75497295
2025-11-18T12:00:00.000Z,91415.59,92950,90805.01,92827.96,3371.18560178
2025-11-18T16:00:00.000Z,92827.95,93775,92499.45,93123.99,3369.8641731200005
2025-11-18T20:00:00.000Z,93123.99,93372.25,92396.01,92914.46,1687.5308520800002
2025-11-19T00:00:00.000Z,92914.45,92948,91588.79,91805.53,1890.38160395
2025-11-19T04:00:00.000Z,91802.62,91955.47,89955.55,91807.64,2128.8345596999998
2025-11-19T08:00:00.000Z,91804.14,91900.23,91016.94,91342.79,1112.9353124900001
2025-11-19T12:00:00.000Z,91339.36,92358.27,89793,89876.91,3136.78518111
2025-11-19T16:00:00.000Z,89870.62,90165.02,88520,88783.08,4340.307681769999
2025-11-19T20:00:00.000Z,88783.07,91516.29,88483.12,91461.6,3032.98886426
2025-11-20T00:00:00.000Z,91465.04,92728.85,91098.01,92358,1795.8263158700001
2025-11-20T04:00:00.000Z,92355.98,93080.91,91601.9,92224.46,1335.76255839
2025-11-20T08:00:00.000Z,92224.46,92315.53,91356.88,91834.69,895.6193511199999
2025-11-20T12:00:00.000Z,91834.69,92462.85,89701,89746.57,2931.4227430700003
2025-11-20T16:00:00.000Z,89746.73,89804,85980.7,86796.05,7760.237288
2025-11-20T20:00:00.000Z,86796.03,88152.18,86195.95,86536.88,4138.93309229
2025-11-21T00:00:00.000Z,86531.87,87395.93,85266.03,85718.02,3226.28658969
2025-11-21T04:00:00.000Z,85718.02,86250,81385.97,83914.25,4139.2415224100005
2025-11-21T08:00:00.000Z,83914.25,84589.3,81548.32,82204.53,4925.33888468
2025-11-21T12:00:00.000Z,82204,85449.99,80524.65,82846,8659.246441489999
2025-11-21T16:00:00.000Z,82842,85490.57,82233.99,84135.7,6909.8036691
2025-11-21T20:00:00.000Z,84135.69,85357.75,83373.93,85068.88,3351.64335693
2025-11-22T00:00:00.000Z,85068.85,85547.11,84141.12,84379.26,2107.0467047399998
2025-11-22T04:00:00.000Z,84380.07,84732.02,83744.48,84522.2,1002.03955323
2025-11-22T08:00:00.000Z,84522.2,84524.01,83441.91,84033.62,1124.3434129299999
2025-11-22T12:00:00.000Z,84033.6,84699.95,83569.45,84228.15,1095.44762536
2025-11-22T16:00:00.000Z,84228.15,84850,84159.61,84552.4,962.1577259599999
2025-11-22T20:00:00.000Z,84552.41,85208,84181.96,84684,1039.4868288500002
2025-11-23T00:00:00.000Z,84683.99,86295.98,84614.11,86264.01,2126.68696865
2025-11-23T04:00:00.000Z,86262.72,86814.82,85353.12,85724.07,1385.47277646
2025-11-23T08:00:00.000Z,85721.45,86425.08,85717.08,86293.12,764.25295386
2025-11-23T12:00:00.000Z,86292.69,87200,86229.93,87046.01,1442.67080412
2025-11-23T16:00:00.000Z,87046.02,87649.05,86460.34,87290.42,2056.77346237
2025-11-23T20:00:00.000Z,87290.41,88100,86692,86808.28,2010.20668711
2025-11-24T00:00:00.000Z,86808.28,88019.06,85906.83,87408,2120.6407734599998
2025-11-24T04:00:00.000Z,87408,87797.64,86401,87009.32,1483.37573922
2025-11-24T08:00:00.000Z,87009.32,87009.32,85633.38,86210.03,1969.53296124
2025-11-24T12:00:00.000Z,86210.02,86699.6,85213.17,86564.16,2629.8704838
2025-11-24T16:00:00.000Z,86564.16,88836,86563.73,88308.42,3813.26618451
2025-11-24T20:00:00.000Z,88308.42,89225.6,88211.01,88266.2,2851.9285569000003
2025-11-25T00:00:00.000Z,88264,88264,87420.73,87786.04,1379.83511206
2025-11-25T04:00:00.000Z,87786.04,88486.82,87314.56,87375.34,907.8469962
2025-11-25T08:00:00.000Z,87375.34,87590.5,86654.96,87334.41,1178.89467331
2025-11-25T12:00:00.000Z,87334.41,87748.08,86067.02,86946,2454.02365627
2025-11-25T16:00:00.000Z,86945.99,88108,86129,86834.43,2307.56900494
2025-11-25T20:00:00.000Z,86834.43,87855.98,86546.56,87325.01,2254.8913730599998
2025-11-26T00:00:00.000Z,87325,88188,87028.41,87084.48,1368.00565206
2025-11-26T04:00:00.000Z,87084.47,87938.83,86851.92,87903.99,1094.98276497
2025-11-26T08:00:00.000Z,87904,87915.94,86631.01,87077.36,1056.4598658399998
2025-11-26T12:00:00.000Z,87077.35,87670.85,86266.95,86945.14,1728.13451521
2025-11-26T16:00:00.000Z,86945.14,90399.74,86928.82,89948,3671.03849785
2025-11-26T20:00:00.000Z,89948.01,90628.53,89476.35,90468.84,2433.24942397
2025-11-27T00:00:00.000Z,90468.83,91880,90067.81,91072.91,2692.5754029399995
2025-11-27T04:00:00.000Z,91072.91,91538.42,90856.62,91396.51,1210.94272355
2025-11-27T08:00:00.000Z,91396.51,91925.4,91203.65,91364.45,944.16402605
2025-11-27T12:00:00.000Z,91364.44,91447.83,90443.24,90947.07,1276.35330457
2025-11-27T16:00:00.000Z,90940.77,91826.56,90836.04,91521.61,1421.38139986
2025-11-27T20:00:00.000Z,91521.6,91589.2,91061.1,91316.7,656.31361227
2025-11-28T00:00:00.000Z,91316.7,91398.36,90600.01,91187.99,949.24866767
2025-11-28T04:00:00.000Z,91187.99,91699.81,90841,90887.4,835.59896847
2025-11-28T08:00:00.000Z,90887.4,91999,90885.55,91420.04,936.13462252
2025-11-28T12:00:00.000Z,91420,93161.86,91353.94,92366.58,2969.38494916
2025-11-28T16:00:00.000Z,92366.58,92392.6,90220.5,91158.85,2806.75068008
2025-11-28T20:00:00.000Z,91158.85,91272.46,90704.16,90902.7,1083.25273027
2025-11-29T00:00:00.000Z,90902.69,91134.8,90549.87,90683,516.4334135
2025-11-29T04:00:00.000Z,90683.01,90936.11,90323.68,90585.39,449.88887793000004
2025-11-29T08:00:00.000Z,90585.39,90753.5,90400,90698.18,440.56717329
2025-11-29T12:00:00.000Z,90698.17,91147.22,90556.7,91100,447.74751258
2025-11-29T16:00:00.000Z,91100,91199.99,90200,90676.53,739.1301128299999
2025-11-29T20:00:00.000Z,90668.71,91082.8,90428.65,90828.06,549.8173501800001
2025-11-30T00:00:00.000Z,90829.68,91090.18,90480.01,90935.44,319.09363305
2025-11-30T04:00:00.000Z,90935.44,91060.29,90690.06,90988.11,206.98010282
2025-11-30T08:00:00.000Z,90988.11,91644.4,90950.7,91059.38,561.28704133
2025-11-30T12:00:00.000Z,91059.38,91980.8,91013.87,91455.99,718.0969040099999
2025-11-30T16:00:00.000Z,91454.61,91886.12,91167.61,91466.34,641.18389384
2025-11-30T20:00:00.000Z,91466.35,91625.54,90353.96,90369.51,1066.84399779
2025-12-01T00:00:00.000Z,90364,90433.7,86161.32,86349.27,3998.6673403500004
2025-12-01T04:00:00.000Z,86349.26,86561.39,85595.76,86539.21,1642.67586456
2025-12-01T08:00:00.000Z,86534.6,86929.19,86114,86119.98,1034.85105748
2025-12-01T12:00:00.000Z,86121.98,86666.67,83800,84668.05,4040.8018129800002
2025-12-01T16:00:00.000Z,84668.05,85546.56,84026,85022.14,3305.2812705399997
2025-12-01T20:00:00.000Z,85021.56,86877.82,84996.54,86282.36,2642.0845718600003
2025-12-02T00:00:00.000Z,86282.35,87360,86181.38,86978.43,1755.1630340200002
2025-12-02T04:00:00.000Z,86977.8,87290.99,86819.93,87013.33,816.68617694
2025-12-02T08:00:00.000Z,87013.32,87604.85,86350,87375.2,1220.10811211
2025-12-02T12:00:00.000Z,87375.21,91199.99,87042,90854.04,3610.89879269
2025-12-02T16:00:00.000Z,90854.04,92342,90214.75,91920.76,3606.57853348
2025-12-02T20:00:00.000Z,91920.76,92027.99,90740.49,91308.05,2153.4223482400002
2025-12-03T00:00:00.000Z,91308.05,93100,91024.47,92644.18,1442.84908451
2025-12-03T04:00:00.000Z,92644.18,93978.53,92633,93026.22,1670.36299541
2025-12-03T08:00:00.000Z,93026.04,93412.48,92687.54,93022.75,744.0764718600001
2025-12-03T12:00:00.000Z,93022.74,93716.63,91702.36,92393.47,2542.73321626
2025-12-03T16:00:00.000Z,92393.47,93536.87,91795.12,93045.99,1645.47442257
2025-12-03T20:00:00.000Z,93048.42,94181.41,92830.49,93453.84,1696.4859762
2025-12-04T00:00:00.000Z,93452.02,94087.05,92686.58,93552.18,1202.37826838
2025-12-04T04:00:00.000Z,93552.18,93600.29,92764.49,93406.33,637.69958658
2025-12-04T08:00:00.000Z,93406.33,93641.58,92746.87,92952.84,450.67712077
2025-12-04T12:00:00.000Z,92952.84,93291.02,91800,92992,1261.54224716
2025-12-04T16:00:00.000Z,92991.99,93222.18,90904.73,92003.65,1814.9075409000002
2025-12-04T20:00:00.000Z,91993.78,92748.52,91701.01,92093.54,831.00230918
2025-12-05T00:00:00.000Z,92093.7,92716.42,91983.92,92168.16,629.64314911
2025-12-05T04:00:00.000Z,92168.26,92533.29,91827,92287.6,702.4916169799999
2025-12-05T08:00:00.000Z,92285.99,92286,91000,91371.57,646.40765367
2025-12-05T12:00:00.000Z,91371.57,91488.2,88303.41,90478.42,2718.24964059
2025-12-05T16:00:00.000Z,90468.89,90524.14,88099.05,89660.05,2606.29878533
2025-12-05T20:00:00.000Z,89661.31,89782,88928.77,89345.29,1007.85099027
2025-12-06T00:00:00.000Z,89345.29,89829.99,89047.51,89699.99,553.20817821
2025-12-06T04:00:00.000Z,89701.44,89782,89477.97,89602.89,403.66726430999995
2025-12-06T08:00:00.000Z,89612.4,89743.44,89174.7,89646.44,377.50653632
2025-12-06T12:00:00.000Z,89646.44,90296.32,89506,89778.85,627.30211373
2025-12-06T16:00:00.000Z,89778.85,90010.4,89256.07,89427.99,544.7973137399999
2025-12-06T20:00:00.000Z,89431.98,89648.57,88932,89267.97,510.68719582
2025-12-07T00:00:00.000Z,89262.8,89786.97,89161.27,89746.99,330.04482844
2025-12-07T04:00:00.000Z,89746.98,89811.68,89213.84,89385.25,260.42386569
2025-12-07T08:00:00.000Z,89386.47,89546.06,89028.03,89165.9,302.27167101
2025-12-07T12:00:00.000Z,89165.9,89736.54,87733.18,89552,932.74484438
2025-12-07T16:00:00.000Z,89556.13,91779.99,89123.38,91435.57,1136.28893489
2025-12-07T20:00:00.000Z,91435.57,91534.51,88964.34,90402.29,1108.802827
2025-12-08T00:00:00.000Z,90402.3,91730.38,89865,91085.51,970.25792676
2025-12-08T04:00:00.000Z,91084.22,91893.15,91032.8,91571.36,584.47789074
2025-12-08T08:00:00.000Z,91571.27,92291.96,91482.26,91980.87,588.79629587
2025-12-08T12:00:00.000Z,91980.86,92146.09,89599,89972,1679.06971261
2025-12-08T16:00:00.000Z,89966.01,90533.23,89678.23,90130.76,1594.07248716
2025-12-08T20:00:00.000Z,90130.77,91404.94,90130.77,90653.86,1245.31343717
2025-12-09T00:00:00.000Z,90653.86,90871.24,89816.6,90421.79,1020.12732145
2025-12-09T04:00:00.000Z,90428.56,90540.11,89537.55,90498.96,785.9184481899999
2025-12-09T08:00:00.000Z,90502.92,90620.17,89913.5,90397.72,357.45595705
2025-12-09T12:00:00.000Z,90396.14,92888.88,90007.13,92722.04,1714.6607572599999
2025-12-09T16:00:00.000Z,92709.99,94640.66,92688.13,93821.52,4453.2408721
2025-12-09T20:00:00.000Z,93821.98,93867.69,92259.09,92690,1531.2674820799998
2025-12-10T00:00:00.000Z,92690,92809,91974,92423.53,894.49073248
2025-12-10T04:00:00.000Z,92423.52,92814.37,92400,92812.44,478.46320431000004
2025-12-10T08:00:00.000Z,92804.01,93246.8,91767.59,92125.65,947.0442029599999
2025-12-10T12:00:00.000Z,92127.55,92232.67,91556.64,92073.72,1360.1067155599999
2025-12-10T16:00:00.000Z,92073.72,93277.72,91750,92992.05,2339.88861119
2025-12-10T20:00:00.000Z,92992.05,94500,91893.24,92035.99,2884.6997268100004
2025-12-11T00:00:00.000Z,92035.85,92100,89418.12,89898.02,1651.09987534
2025-12-11T04:00:00.000Z,89898.45,90510.07,89702.48,90291.84,948.57513776
2025-12-11T08:00:00.000Z,90286.12,90534.61,90000,90252.8,491.45546175
2025-12-11T12:00:00.000Z,90252.8,90660.06,89257.98,89874.66,1630.78370236
2025-12-11T16:00:00.000Z,89874.65,91570.55,89328.96,90853.99,1913.06345633
2025-12-11T20:00:00.000Z,90853.97,93594.76,90807.29,92542,2485.01614079
2025-12-12T00:00:00.000Z,92539.63,92791.26,91439.58,92300.42,868.3218412499999
2025-12-12T04:00:00.000Z,92300.41,92738.2,92092.93,92455.55,427.6479132
2025-12-12T08:00:00.000Z,92455.55,92658.88,92087.75,92432,376.80948102
2025-12-12T12:00:00.000Z,92431.99,92690.02,89770.78,89951.05,1884.6546904699999
2025-12-12T16:00:00.000Z,89922.82,90693.66,89500,90203.88,1873.04644874
2025-12-12T20:00:00.000Z,90203.88,90423.04,89876.43,90278,707.4098865199999
2025-12-13T00:00:00.000Z,90278,90479.88,90080.09,90351.96,268.96021264
2025-12-13T04:00:00.000Z,90351.96,90437.26,90273.02,90341.73,137.43632814
2025-12-13T08:00:00.000Z,90342,90657,90295.89,90360.6,207.12810294000002
2025-12-13T12:00:00.000Z,90358.02,90504.1,89909.16,90108,448.89840648
2025-12-13T16:00:00.000Z,90108,90295.89,90000,90145.12,233.01421458000002
